team,elo,matches_played,wins,draws,losses,points_per_match_all,goals_scored_all,goals_conceded_all,goal_diff_all,abs_goal_diff_all,total_goals_all,clean_sheet_rate_all,failed_to_score_rate_all,both_teams_scored_rate_all,low_scoring_rate_all,tight_match_rate_all,scoreless_draw_rate_all,win_rate_all,draw_rate_all,loss_rate_all,weighted_points_per_match_all,weighted_goal_diff_all,elo_delta_avg_all,win_streak,unbeaten_streak,recent_matches,recent_form_10,recent_goal_diff_10,recent_abs_goal_diff_10,recent_goals_scored_10,recent_goals_conceded_10,recent_total_goals_10,recent_win_rate_10,recent_draw_rate_10,recent_loss_rate_10,recent_clean_sheet_rate_10,recent_failed_to_score_rate_10,recent_both_teams_scored_rate_10,recent_low_scoring_rate_10,recent_tight_match_rate_10,recent_scoreless_draw_rate_10,recent_weighted_form_10,recent_weighted_goal_diff_10,recent_opponent_elo_avg_10,recent_elo_delta_avg_10,last_match_date
Spain,2084.801774607639,342,235,69,38,2.263157894736842,2.2046783625730995,0.716374269005848,1.4883040935672514,1.8333333333333333,2.9210526315789473,0.5058479532163743,0.12280701754385964,0.4298245614035088,0.45614035087719296,0.5555555555555556,0.05847953216374269,0.6871345029239766,0.20175438596491227,0.1111111111111111,2.243334033172374,1.4486668066344746,1.7099467093790635,1.0,30.0,10.0,2.4,2.4,2.4,2.8,0.4,3.2,0.7,0.3,0.0,0.7,0.1,0.3,0.3,0.3,0.1,2.504347826086957,2.7000000000000006,1670.8361014421382,-0.4783720128612958,2026-06-08
Argentina,2058.375940670248,342,215,75,52,2.1052631578947367,1.9269005847953216,0.827485380116959,1.0994152046783625,1.631578947368421,2.754385964912281,0.4824561403508772,0.1608187134502924,0.4327485380116959,0.48830409356725146,0.5584795321637427,0.07602339181286549,0.6286549707602339,0.21929824561403508,0.15204678362573099,2.07095622966308,1.0116510968825485,1.6326781890942932,7.0,7.0,10.0,2.5,2.2,2.4,2.5,0.3,2.8,0.8,0.1,0.1,0.7,0.1,0.2,0.5,0.4,0.0,2.2162162162162162,1.8270270270270268,1642.3059052598778,-2.1777645863525192,2026-06-09
France,1996.1130433223382,350,217,77,56,2.08,1.8857142857142857,0.7657142857142857,1.12,1.5771428571428572,2.6514285714285712,0.47714285714285715,0.2,0.42,0.5228571428571429,0.5857142857142857,0.09714285714285714,0.62,0.22,0.16,2.066239764854089,1.060151165231998,1.4174658380638214,1.0,1.0,10.0,2.5,1.6,1.8,2.5,0.9,3.4,0.8,0.1,0.1,0.3,0.0,0.7,0.1,0.4,0.0,2.5652173913043486,1.7565217391304349,1647.5416774395394,0.6698631213178318,2026-06-08
England,1966.804639683656,318,191,73,54,2.0314465408805034,1.9874213836477987,0.7735849056603774,1.2138364779874213,1.6666666666666667,2.761006289308176,0.4811320754716981,0.16352201257861634,0.4371069182389937,0.46226415094339623,0.5911949685534591,0.08176100628930817,0.60062893081761,0.22955974842767296,0.16981132075471697,2.0123613678373435,1.2205406654343822,1.4679391185020596,2.0,2.0,10.0,2.5,2.2,2.4,2.4,0.2,2.6,0.8,0.1,0.1,0.8,0.1,0.1,0.6,0.3,0.0,2.674418604651163,2.548837209302326,1643.943001225145,2.685948481402766,2026-06-10
Brazil,1945.3011704527755,371,237,79,55,2.129380053908356,2.0862533692722374,0.7196765498652291,1.366576819407008,1.7816711590296497,2.8059299191374665,0.5040431266846361,0.1752021563342318,0.40431266846361186,0.49056603773584906,0.5256064690026954,0.08355795148247978,0.6388140161725068,0.21293800539083557,0.14824797843665768,2.0774249256452193,1.2284371102369789,1.200272696638214,3.0,3.0,10.0,1.9,1.4,2.0,2.5,1.1,3.6,0.6,0.1,0.3,0.3,0.1,0.6,0.3,0.5,0.0,1.8081395348837206,1.3023255813953487,1801.6820760992082,-0.8339585755048065,2026-06-06
Portugal,1941.607151507555,333,199,77,57,2.024024024024024,2.09009009009009,0.8378378378378378,1.2522522522522523,1.7627627627627627,2.9279279279279278,0.4744744744744745,0.18018018018018017,0.43243243243243246,0.4624624624624625,0.5555555555555556,0.08708708708708708,0.5975975975975976,0.23123123123123124,0.17117117117117117,1.991422366992403,1.1707926167209568,1.3261476021247953,3.0,5.0,10.0,2.3,1.7,2.1,2.6,0.9,3.5,0.7,0.2,0.1,0.4,0.2,0.5,0.4,0.6,0.1,2.2478260869565228,1.8826086956521741,1663.4523266684948,-1.0545784788793984,2026-06-10
Morocco,1939.9801189947239,307,170,78,59,1.9153094462540716,1.5798045602605864,0.6644951140065146,0.9153094462540716,1.4625407166123778,2.244299674267101,0.5342019543973942,0.247557003257329,0.34201954397394135,0.6188925081433225,0.6123778501628665,0.1237785016286645,0.5537459283387622,0.254071661237785,0.19218241042345277,1.8905747717628982,0.8867172431528881,1.4331599967254807,0.0,38.0,10.0,2.4,1.9,1.9,2.2,0.3,2.5,0.7,0.3,0.0,0.7,0.1,0.3,0.5,0.5,0.1,2.5034482758620697,1.848275862068966,1678.885999796378,5.568639973034541,2026-06-07
Colombia,1937.5656389413111,323,154,88,81,1.7027863777089782,1.3746130030959753,0.8792569659442725,0.4953560371517028,1.2755417956656347,2.2538699690402475,0.47058823529411764,0.2848297213622291,0.38080495356037153,0.5851393188854489,0.6718266253869969,0.13622291021671826,0.47678018575851394,0.2724458204334365,0.25077399380804954,1.6689032855159796,0.4359093012494237,1.354692380623256,2.0,2.0,10.0,2.2,1.5,2.1,2.5,1.0,3.5,0.7,0.1,0.2,0.5,0.1,0.5,0.2,0.3,0.1,2.341176470588235,1.7647058823529411,1794.7783111619603,3.018163879114929,2026-06-07
Germany,1931.607223416698,352,209,75,68,1.9943181818181819,2.3011363636363638,1.0738636363636365,1.2272727272727273,1.8636363636363635,3.375,0.3693181818181818,0.13920454545454544,0.53125,0.38636363636363635,0.5227272727272727,0.03977272727272727,0.59375,0.21306818181818182,0.19318181818181818,2.054345549738226,1.275287958115186,1.2261568847065236,9.0,9.0,10.0,2.7,2.0,2.4,2.8,0.8,3.6,0.9,0.0,0.1,0.5,0.1,0.4,0.3,0.4,0.0,2.621739130434784,2.0652173913043486,1602.9652737963766,1.40905010121083,2026-06-06
Japan,1917.4445750828775,396,226,84,86,1.9242424242424243,1.9494949494949494,0.8888888888888888,1.0606060606060606,1.7575757575757576,2.8383838383838382,0.4671717171717172,0.20454545454545456,0.4015151515151515,0.49747474747474746,0.5757575757575758,0.07323232323232323,0.5707070707070707,0.21212121212121213,0.21717171717171718,1.9233097880928443,1.072048435923312,1.054152967381008,6.0,7.0,10.0,2.3,1.3,1.7,1.9,0.6,2.5,0.7,0.2,0.1,0.7,0.2,0.2,0.6,0.6,0.1,2.3742331288343563,1.7423312883435582,1747.460138361442,2.827052527191896,2026-05-31
Netherlands,1912.9142820308764,320,193,72,55,2.034375,2.096875,0.859375,1.2375,1.71875,2.95625,0.446875,0.146875,0.471875,0.434375,0.546875,0.065625,0.603125,0.225,0.171875,2.078442902505004,1.2810772668469967,1.2903571313464886,1.0,1.0,10.0,2.1,1.4,1.6,2.2,0.8,3.0,0.6,0.3,0.1,0.3,0.1,0.6,0.4,0.7,0.0,2.191304347826087,1.7000000000000006,1610.2715116862216,-1.2051601528871605,2026-06-08
Mexico,1899.8614756357313,473,257,97,119,1.8350951374207187,1.6744186046511629,0.9534883720930233,0.7209302325581395,1.5412262156448202,2.627906976744186,0.4376321353065539,0.2346723044397463,0.42071881606765327,0.4989429175475687,0.6088794926004228,0.09302325581395349,0.5433403805496829,0.20507399577167018,0.25158562367864695,1.8516282764098546,0.7520254169976166,0.8453730985956251,3.0,8.0,10.0,2.1,1.2,1.4,1.6,0.4,2.0,0.6,0.3,0.1,0.7,0.2,0.3,0.7,0.7,0.2,2.099999999999999,1.2,1752.9266881205488,1.78746158757794,2026-06-04
Ecuador,1898.7807140699929,315,119,87,109,1.4095238095238096,1.2920634920634921,1.1746031746031746,0.11746031746031746,1.2920634920634921,2.466666666666667,0.346031746031746,0.28888888888888886,0.48253968253968255,0.5396825396825397,0.6412698412698413,0.11746031746031746,0.37777777777777777,0.2761904761904762,0.346031746031746,1.3352564102564184,0.02987179487179501,1.265970520857124,2.0,19.0,10.0,1.8,0.7,0.7,1.2,0.5,1.7,0.4,0.6,0.0,0.5,0.2,0.5,0.8,0.8,0.2,1.8352941176470585,0.6647058823529411,1822.4604619727118,3.244380666071463,2026-06-07
Croatia,1860.9036433620197,305,162,81,62,1.859016393442623,1.6852459016393442,0.9573770491803278,0.7278688524590164,1.4295081967213115,2.642622950819672,0.4098360655737705,0.2098360655737705,0.4721311475409836,0.5081967213114754,0.6327868852459017,0.09180327868852459,0.5311475409836065,0.26557377049180325,0.20327868852459016,1.8132841328413316,0.6880688806888073,1.183290633973839,1.0,1.0,10.0,2.2,0.9,1.7,1.9,1.0,2.9,0.7,0.1,0.2,0.4,0.2,0.5,0.3,0.5,0.1,2.3826086956521744,1.265217391304348,1581.8460532355907,0.11889012178080316,2026-06-07
Uruguay,1860.5328124800487,319,143,91,85,1.6300940438871474,1.5203761755485894,1.0626959247648904,0.45768025078369906,1.341692789968652,2.58307210031348,0.38557993730407525,0.2507836990595611,0.4702194357366771,0.5235109717868338,0.6426332288401254,0.10658307210031348,0.4482758620689655,0.2852664576802508,0.2664576802507837,1.5933991917377752,0.4067130669061533,1.1301969043261706,0.0,2.0,10.0,1.6,0.1,1.3,1.0,0.9,1.9,0.4,0.4,0.2,0.6,0.4,0.3,0.7,0.6,0.3,1.6449999999999998,0.2950000000000001,1770.3459421800883,-0.9440359831846056,2026-03-31
Turkey,1849.5650932797287,311,151,77,83,1.7041800643086817,1.5916398713826367,1.1286173633440515,0.4630225080385852,1.427652733118971,2.720257234726688,0.36977491961414793,0.24115755627009647,0.4662379421221865,0.49517684887459806,0.6045016077170418,0.07717041800643087,0.4855305466237942,0.24758842443729903,0.26688102893890675,1.7023087836966388,0.4654972268799186,1.1240035153689065,4.0,8.0,10.0,2.5,1.2,2.4,2.5,1.3,3.8,0.8,0.1,0.1,0.4,0.1,0.5,0.3,0.5,0.0,2.442307692307693,1.0500000000000003,1700.3954674119202,6.8179914717691945,2026-06-06
Iran,1848.3941873344238,352,212,83,57,2.0426136363636362,1.9289772727272727,0.75,1.1789772727272727,1.6448863636363635,2.678977272727273,0.5085227272727273,0.17329545454545456,0.40625,0.5426136363636364,0.6363636363636364,0.08806818181818182,0.6022727272727273,0.23579545454545456,0.16193181818181818,2.021482530689343,1.1614730878186998,0.9897562140182511,3.0,3.0,10.0,1.7,1.1,1.7,1.7,0.6,2.3,0.5,0.2,0.3,0.6,0.3,0.3,0.5,0.5,0.2,1.724358974358974,1.1794871794871795,1650.2752006245464,-2.6435203507436134,2026-06-04
Switzerland,1844.1933914534432,286,132,81,73,1.667832167832168,1.6573426573426573,1.0804195804195804,0.5769230769230769,1.4090909090909092,2.737762237762238,0.35664335664335667,0.22377622377622378,0.5034965034965035,0.506993006993007,0.6188811188811189,0.08391608391608392,0.46153846153846156,0.28321678321678323,0.25524475524475526,1.6674796747967515,0.5525745257452584,1.2034733966903575,0.0,3.0,10.0,1.9,1.4,1.6,2.2,0.8,3.0,0.5,0.4,0.1,0.5,0.2,0.5,0.5,0.5,0.2,2.0695652173913044,1.6347826086956525,1733.8634813680183,3.608256552892823,2026-06-06
Belgium,1840.4243004412915,286,158,63,65,1.8776223776223777,1.9895104895104896,1.0454545454545454,0.9440559440559441,1.7482517482517483,3.034965034965035,0.3811188811188811,0.1888111888111888,0.479020979020979,0.4755244755244755,0.527972027972028,0.04895104895104895,0.5524475524475524,0.2202797202797203,0.22727272727272727,1.9087523277467435,0.9841713221601492,1.1902947567877247,2.0,13.0,10.0,2.4,3.1,3.1,3.7,0.6,4.3,0.7,0.3,0.0,0.6,0.1,0.4,0.4,0.3,0.1,2.3739130434782614,3.2565217391304353,1545.271332815515,2.774782643351311,2026-06-06
Senegal,1839.7666483545731,308,162,89,57,1.8668831168831168,1.5292207792207793,0.8084415584415584,0.7207792207792207,1.2662337662337662,2.3376623376623376,0.45454545454545453,0.22402597402597402,0.42857142857142855,0.6071428571428571,0.6363636363636364,0.10714285714285714,0.525974025974026,0.288961038961039,0.18506493506493507,1.8662713300254241,0.7387147525111967,1.1031384686836792,0.0,1.0,10.0,2.0,0.7,1.5,1.6,0.9,2.5,0.6,0.2,0.2,0.5,0.2,0.4,0.5,0.5,0.1,2.093750000000001,0.68125,1671.4221388943224,-0.23229991815947929,2026-06-09
Italy,1837.399443272702,328,176,93,59,1.8932926829268293,1.6341463414634145,0.8689024390243902,0.7652439024390244,1.3567073170731707,2.5030487804878048,0.4268292682926829,0.1798780487804878,0.4725609756097561,0.573170731707317,0.6189024390243902,0.07926829268292683,0.5365853658536586,0.28353658536585363,0.1798780487804878,1.909376754632235,0.7638405390230218,1.0286568392460451,2.0,4.0,10.0,2.5,1.4,2.0,2.4,1.0,3.4,0.8,0.1,0.1,0.6,0.0,0.4,0.5,0.4,0.0,2.442307692307693,1.4461538461538463,1528.140371608204,-0.6064078222605124,2026-06-07
Norway,1836.1331058609073,281,126,69,86,1.5907473309608542,1.491103202846975,1.0569395017793595,0.43416370106761565,1.4448398576512456,2.5480427046263343,0.3665480427046263,0.2704626334519573,0.44483985765124556,0.5409252669039146,0.6548042704626335,0.08185053380782918,0.4483985765124555,0.24555160142348753,0.30604982206405695,1.60080515297907,0.4723027375201297,1.1962032237042965,0.0,3.0,10.0,2.1,2.3,2.5,3.1,0.8,3.9,0.6,0.3,0.1,0.3,0.1,0.7,0.4,0.5,0.1,2.3699999999999997,3.1850000000000005,1680.4153280498026,5.155098434621645,2026-06-07
United States,1830.4433816687745,423,230,80,113,1.8203309692671394,1.7541371158392436,0.9881796690307328,0.7659574468085106,1.6548463356973995,2.7423167848699763,0.425531914893617,0.19621749408983452,0.44208037825059104,0.5035460992907801,0.5815602836879432,0.06382978723404255,0.5437352245862884,0.18912529550827423,0.26713947990543735,1.8592552520061392,0.8242719321972785,0.7811900275857497,0.0,0.0,10.0,1.6,0.1,1.7,1.8,1.7,3.5,0.5,0.1,0.4,0.1,0.2,0.7,0.4,0.5,0.0,1.5999999999999994,0.09999999999999995,1864.1840564548106,1.9416743800373482,2026-06-06
Australia,1830.258836964229,296,159,61,76,1.8175675675675675,2.070945945945946,0.9290540540540541,1.1418918918918919,2.0,3.0,0.4527027027027027,0.22297297297297297,0.40202702702702703,0.4864864864864865,0.5777027027027027,0.0777027027027027,0.5371621621621622,0.20608108108108109,0.25675675675675674,1.7875573018991584,1.1039947609692233,1.1157393140683445,0.0,1.0,10.0,1.6,0.3,1.5,1.3,1.0,2.3,0.5,0.1,0.4,0.3,0.3,0.4,0.6,0.7,0.0,1.5588235294117643,0.2647058823529412,1780.7870998787184,-0.6428595248632135,2026-06-06
South Korea,1828.4433714743616,399,200,106,93,1.7694235588972431,1.593984962406015,0.9022556390977443,0.6917293233082706,1.493734335839599,2.4962406015037595,0.46867167919799496,0.24561403508771928,0.39849624060150374,0.5714285714285714,0.6365914786967418,0.11278195488721804,0.5012531328320802,0.2656641604010025,0.23308270676691728,1.754844759324875,0.7041050218795607,0.8231663445472762,2.0,2.0,10.0,1.9,0.3,2.3,1.5,1.2,2.7,0.6,0.1,0.3,0.6,0.3,0.1,0.6,0.4,0.0,1.8999999999999992,0.29999999999999993,1721.6638977658288,-0.5797002856500589,2026-06-03
Canada,1819.9476038897872,256,108,62,86,1.5078125,1.453125,1.09375,0.359375,1.625,2.546875,0.41015625,0.3203125,0.37890625,0.55078125,0.56640625,0.109375,0.421875,0.2421875,0.3359375,1.5145234493192166,0.43237518910741407,1.2497953276944815,0.0,7.0,10.0,1.7,0.7,0.9,1.1,0.4,1.5,0.4,0.5,0.1,0.7,0.4,0.2,0.8,0.7,0.3,1.6999999999999993,0.6999999999999998,1745.6713240016263,1.2306483200110727,2026-06-05
Algeria,1819.4779719945748,303,156,73,74,1.7854785478547854,1.7062706270627064,0.9834983498349835,0.7227722772277227,1.5082508250825082,2.68976897689769,0.40264026402640263,0.2079207920792079,0.45874587458745875,0.5115511551155115,0.6039603960396039,0.06930693069306931,0.5148514851485149,0.24092409240924093,0.24422442244224424,1.708221110683603,0.6301141464665908,1.0543827458566841,2.0,4.0,10.0,2.3,1.7,2.1,2.1,0.4,2.5,0.7,0.2,0.1,0.7,0.2,0.2,0.6,0.5,0.1,2.3198653198653205,1.3063973063973067,1675.057090800189,4.314217447886248,2026-06-10
Denmark,1811.6009249333138,290,143,75,72,1.7379310344827585,1.6689655172413793,0.993103448275862,0.6758620689655173,1.4965517241379311,2.6620689655172414,0.38620689655172413,0.22413793103448276,0.47586206896551725,0.49310344827586206,0.5896551724137931,0.08620689655172414,0.49310344827586206,0.25862068965517243,0.2482758620689655,1.6906802356722048,0.630155329405464,1.0744859480459106,1.0,4.0,10.0,1.9,1.4,1.8,2.4,1.0,3.4,0.5,0.4,0.1,0.5,0.2,0.5,0.2,0.5,0.2,1.8884615384615389,1.503846153846154,1644.9716073859702,0.43256365775429817,2026-06-07
Nigeria,1810.5001793603167,324,162,95,67,1.7932098765432098,1.5185185185185186,0.8549382716049383,0.6635802469135802,1.25,2.373456790123457,0.4382716049382716,0.22839506172839505,0.4382716049382716,0.5833333333333334,0.6759259259259259,0.10493827160493827,0.5,0.2932098765432099,0.20679012345679013,1.8335956824825812,0.7004722284686318,0.9583338869145569,0.0,0.0,10.0,1.9,1.1,1.3,1.8,0.7,2.5,0.5,0.4,0.1,0.6,0.2,0.4,0.4,0.6,0.2,1.921259842519685,1.2559055118110236,1728.5945092132965,5.56966362926415,2026-06-10
Paraguay,1791.79252484058,305,98,94,113,1.2721311475409836,1.1016393442622952,1.2295081967213115,-0.12786885245901639,1.1901639344262296,2.3311475409836064,0.34098360655737703,0.3475409836065574,0.43934426229508194,0.6032786885245902,0.6885245901639344,0.12786885245901639,0.32131147540983607,0.3081967213114754,0.3704918032786885,1.2407764494150986,-0.16788790332947767,0.9566968027559958,1.0,1.0,10.0,1.4,0.2,1.2,1.2,1.0,2.2,0.4,0.2,0.4,0.4,0.3,0.4,0.5,0.8,0.1,1.3796791443850267,0.14973262032085563,1810.6470352873082,1.3240493251718433,2026-06-05
Austria,1790.0950796364577,256,109,57,90,1.5,1.5234375,1.25,0.2734375,1.46875,2.7734375,0.2890625,0.24609375,0.5234375,0.50390625,0.609375,0.05859375,0.42578125,0.22265625,0.3515625,1.5241975719274923,0.30833194744719794,1.133183904829911,3.0,5.0,10.0,2.5,2.3,2.5,2.7,0.4,3.1,0.8,0.1,0.1,0.6,0.1,0.3,0.6,0.6,0.0,2.4081632653061233,2.3551020408163272,1445.7980449423544,0.03984352460247616,2026-06-01
Panama,1777.6782227669212,362,135,94,133,1.3784530386740332,1.2679558011049723,1.2900552486187846,-0.022099447513812154,1.5027624309392265,2.5580110497237567,0.32044198895027626,0.31767955801104975,0.4419889502762431,0.5441988950276243,0.6243093922651933,0.08011049723756906,0.3729281767955801,0.2596685082872928,0.3674033149171271,1.4127058273969457,0.045661567207754376,0.7670669137207787,0.0,2.0,10.0,1.6,0.2,1.2,1.8,1.6,3.4,0.4,0.4,0.2,0.1,0.1,0.8,0.5,0.7,0.0,1.778378378378378,0.4756756756756757,1652.1382337807663,-0.9935955549515864,2026-06-06
Uzbekistan,1777.1942744667417,292,137,63,92,1.6232876712328768,1.5924657534246576,1.0753424657534247,0.5171232876712328,1.6472602739726028,2.6678082191780823,0.410958904109589,0.2808219178082192,0.3938356164383562,0.5068493150684932,0.5616438356164384,0.08561643835616438,0.4691780821917808,0.21575342465753425,0.3150684931506849,1.7031272940831133,0.5965350168844543,0.9492954605025368,0.0,0.0,10.0,1.5,0.5,1.3,1.4,0.9,2.3,0.4,0.3,0.3,0.5,0.3,0.4,0.5,0.5,0.2,1.609929078014184,0.7163120567375886,1717.5335325394403,0.1175321029422621,2026-06-08
Russia,1776.7331522462935,262,128,72,62,1.7404580152671756,1.6984732824427482,0.9694656488549618,0.7290076335877863,1.5610687022900764,2.66793893129771,0.41603053435114506,0.22137404580152673,0.45038167938931295,0.5267175572519084,0.5954198473282443,0.08778625954198473,0.48854961832061067,0.2748091603053435,0.2366412213740458,1.722230877083665,0.686088175728308,1.0562334055202034,2.0,2.0,10.0,2.0,1.2,1.8,1.9,0.7,2.6,0.6,0.2,0.2,0.4,0.3,0.4,0.4,0.4,0.1,1.9999999999999993,1.1999999999999997,1665.869253128723,1.529542585979947,2026-06-09
Egypt,1776.1080999184808,353,203,76,74,1.9405099150141643,1.7167138810198301,0.8356940509915014,0.8810198300283286,1.5439093484419264,2.5524079320113313,0.47592067988668557,0.20679886685552407,0.3937677053824363,0.5609065155807366,0.5977337110481586,0.0764872521246459,0.5750708215297451,0.21529745042492918,0.2096317280453258,1.9402104776223066,0.8628426043714598,0.7821759204489586,0.0,0.0,10.0,1.8,0.7,1.1,1.3,0.6,1.9,0.5,0.3,0.2,0.6,0.4,0.3,0.6,0.8,0.3,1.8187500000000005,0.5875000000000001,1770.7788533669507,5.700458521630628,2026-06-06
Ivory Coast,1774.7111823512364,301,164,79,58,1.8970099667774087,1.7574750830564785,0.8770764119601329,0.8803986710963455,1.478405315614618,2.6345514950166113,0.44518272425249167,0.19269102990033224,0.46511627906976744,0.4850498338870432,0.6179401993355482,0.10299003322259136,0.5448504983388704,0.26245847176079734,0.19269102990033224,1.8933922869074025,0.8731269958241231,0.9126617353861733,3.0,3.0,10.0,2.2,1.1,1.5,1.9,0.8,2.7,0.7,0.1,0.2,0.5,0.1,0.4,0.5,0.7,0.0,2.096551724137932,0.9448275862068968,1697.9262879847574,5.3627841613572915,2026-06-04
Venezuela,1742.102408793915,300,96,73,131,1.2033333333333334,1.1633333333333333,1.46,-0.2966666666666667,1.4366666666666668,2.6233333333333335,0.2733333333333333,0.3333333333333333,0.47,0.51,0.5866666666666667,0.07666666666666666,0.32,0.24333333333333335,0.43666666666666665,1.133258363789716,-0.4231093618217622,0.8070080293130458,1.0,1.0,10.0,1.0,-0.6,1.8,1.1,1.7,2.8,0.3,0.1,0.6,0.3,0.5,0.3,0.6,0.4,0.1,0.7567567567567567,-1.1027027027027025,1846.451871771748,-1.96720753343618,2026-06-09
Scotland,1734.3350363586312,241,100,50,91,1.4522821576763485,1.2904564315352698,1.2738589211618256,0.016597510373443983,1.5186721991701244,2.5643153526970957,0.3278008298755187,0.3153526970954357,0.42323651452282157,0.5145228215767634,0.5892116182572614,0.06639004149377593,0.4149377593360996,0.2074688796680498,0.3775933609958506,1.4953188482600261,0.08655714538067484,0.9723445492059348,2.0,2.0,10.0,1.9,1.1,1.7,2.1,1.0,3.1,0.6,0.1,0.3,0.3,0.3,0.5,0.4,0.5,0.1,2.0043478260869567,1.0608695652173916,1689.0377188988355,5.23584559743123,2026-06-06
Jordan,1730.3999022914372,383,152,112,119,1.483028720626632,1.360313315926893,1.010443864229765,0.34986945169712796,1.4151436031331592,2.370757180156658,0.412532637075718,0.32114882506527415,0.402088772845953,0.5718015665796344,0.6344647519582245,0.13577023498694518,0.3968668407310705,0.2924281984334204,0.31070496083550914,1.5502211813687314,0.460447567004946,0.6015663245207203,0.0,0.0,10.0,1.7,0.2,1.4,1.7,1.5,3.2,0.5,0.2,0.3,0.3,0.1,0.6,0.3,0.6,0.0,1.884615384615385,0.4230769230769232,1754.7868005745909,4.238315615690294,2026-06-07
Iraq,1729.4334302311963,384,157,112,115,1.5182291666666667,1.3203125,1.0364583333333333,0.2838541666666667,1.2630208333333333,2.3567708333333335,0.375,0.3177083333333333,0.4348958333333333,0.5911458333333334,0.7005208333333334,0.12760416666666666,0.4088541666666667,0.2916666666666667,0.2994791666666667,1.546533713200389,0.3637226970560317,0.5974828912270722,0.0,0.0,10.0,1.7,0.1,1.1,1.1,1.0,2.1,0.5,0.2,0.3,0.2,0.3,0.5,0.7,0.7,0.0,1.807511737089202,0.20657276995305168,1649.7485859540132,1.2022322004347683,2026-06-09
Ukraine,1715.9873718583517,278,128,76,74,1.6546762589928057,1.4280575539568345,1.0575539568345325,0.37050359712230213,1.3992805755395683,2.485611510791367,0.39928057553956836,0.2805755395683453,0.4172661870503597,0.5683453237410072,0.6330935251798561,0.09712230215827339,0.460431654676259,0.2733812949640288,0.26618705035971224,1.6247184261901213,0.32872803724282995,0.7769329922962375,0.0,0.0,10.0,1.6,-0.1,1.7,1.5,1.6,3.1,0.5,0.1,0.4,0.3,0.2,0.5,0.5,0.4,0.0,1.526530612244898,-0.24081632653061225,1661.0351428449255,-1.8776446814444312,2026-06-07
Chile,1709.6079441239372,331,136,73,122,1.4531722054380665,1.3323262839879153,1.202416918429003,0.1299093655589124,1.4350453172205437,2.5347432024169185,0.34441087613293053,0.3293051359516616,0.42900302114803623,0.513595166163142,0.595166163141994,0.1027190332326284,0.4108761329305136,0.22054380664652568,0.3685800604229607,1.394582723279658,0.05197657393850675,0.6332566287732264,1.0,1.0,10.0,1.6,-0.2,1.6,1.4,1.6,3.0,0.5,0.1,0.4,0.2,0.3,0.6,0.3,0.5,0.1,1.2918918918918916,-0.5567567567567568,1758.8936078321142,0.6672016452288687,2026-06-09
Serbia,1709.3303786478673,293,126,75,92,1.546075085324232,1.4607508532423208,1.1331058020477816,0.32764505119453924,1.4197952218430034,2.5938566552901023,0.3310580204778157,0.26621160409556316,0.4778156996587031,0.5563139931740614,0.6109215017064846,0.07508532423208192,0.4300341296928328,0.25597269624573377,0.31399317406143346,1.5173506119510478,0.27890568754499684,0.7144381523817952,0.0,0.0,10.0,1.2,-1.3,2.3,0.9,2.2,3.1,0.4,0.0,0.6,0.1,0.5,0.4,0.3,0.4,0.0,1.3173913043478265,-1.0521739130434784,1656.8159227127176,-5.687814300808961,2026-06-04
Greece,1707.247331988004,284,129,72,83,1.6161971830985915,1.2429577464788732,0.9894366197183099,0.2535211267605634,1.2112676056338028,2.232394366197183,0.39436619718309857,0.2992957746478873,0.4154929577464789,0.6126760563380281,0.6795774647887324,0.10915492957746478,0.45422535211267606,0.2535211267605634,0.29225352112676056,1.6171428571428605,0.22814285714285765,0.7297441267183229,0.0,0.0,10.0,0.9,-0.4,1.4,1.2,1.6,2.8,0.2,0.3,0.5,0.2,0.5,0.5,0.4,0.6,0.2,1.0043478260869565,-0.373913043478261,1697.437186173564,-5.594253903948881,2026-06-07
Costa Rica,1707.0761789741207,399,159,106,134,1.4611528822055138,1.4035087719298245,1.200501253132832,0.20300751879699247,1.3909774436090225,2.6040100250626566,0.3208020050125313,0.3032581453634085,0.45614035087719296,0.5263157894736842,0.6416040100250626,0.08020050125313283,0.39849624060150374,0.2656641604010025,0.3358395989974937,1.4977288102831796,0.23900647530685287,0.5189879172283783,0.0,0.0,10.0,0.8,-0.8,1.4,1.1,1.9,3.0,0.1,0.5,0.4,0.2,0.5,0.5,0.4,0.6,0.2,0.9434782608695653,-0.3565217391304349,1699.047853068653,-5.963947303483011,2026-06-10
Hungary,1705.1687872702507,272,113,59,100,1.463235294117647,1.4044117647058822,1.286764705882353,0.11764705882352941,1.5220588235294117,2.6911764705882355,0.34191176470588236,0.2610294117647059,0.45955882352941174,0.49264705882352944,0.5992647058823529,0.0625,0.41544117647058826,0.21691176470588236,0.36764705882352944,1.462992630567128,0.08554950336430636,0.7542970120229783,2.0,4.0,10.0,1.8,0.5,0.9,1.7,1.2,2.9,0.5,0.3,0.2,0.4,0.1,0.6,0.4,0.8,0.1,1.6173913043478267,0.36956521739130443,1636.4770673104977,0.7726329572696129,2026-06-09
Cameroon,1703.703559912627,298,136,96,66,1.691275167785235,1.3624161073825503,0.8926174496644296,0.4697986577181208,1.1879194630872483,2.2550335570469797,0.436241610738255,0.28523489932885904,0.4228187919463087,0.5939597315436241,0.674496644295302,0.14429530201342283,0.4563758389261745,0.3221476510067114,0.2214765100671141,1.71570365118753,0.4811532553468047,0.6835689929954006,1.0,1.0,10.0,1.7,0.3,1.1,1.0,0.7,1.7,0.5,0.2,0.3,0.4,0.4,0.3,0.8,0.7,0.1,1.7850746268656723,0.25970149253731345,1626.0044779872403,3.0876421845025903,2026-03-31
Poland,1703.6315907650733,324,152,83,89,1.6635802469135803,1.654320987654321,1.1049382716049383,0.5493827160493827,1.5061728395061729,2.759259259259259,0.3487654320987654,0.2345679012345679,0.4876543209876543,0.5123456790123457,0.6018518518518519,0.07098765432098765,0.4691358024691358,0.25617283950617287,0.27469135802469136,1.595253533912598,0.47088574763325264,0.6284925640897365,0.0,1.0,10.0,1.8,0.4,1.0,1.7,1.3,3.0,0.5,0.3,0.2,0.2,0.1,0.7,0.5,0.7,0.0,1.885714285714286,0.5346938775510205,1656.7887173540614,3.408520359584795,2026-06-03
Czech Republic,1703.309150629543,292,149,59,84,1.7328767123287672,1.7568493150684932,1.0547945205479452,0.702054794520548,1.6404109589041096,2.8116438356164384,0.3698630136986301,0.22945205479452055,0.4794520547945205,0.4452054794520548,0.5787671232876712,0.07876712328767123,0.5102739726027398,0.20205479452054795,0.2876712328767123,1.705337389380537,0.6377212389380543,0.6962642144847379,2.0,6.0,10.0,1.9,1.3,1.5,2.2,0.9,3.1,0.5,0.4,0.1,0.4,0.1,0.6,0.4,0.7,0.1,1.7434782608695651,1.2478260869565216,1522.9205607875813,1.140348433609852,2026-06-04
DR Congo,1702.509612738592,266,98,83,85,1.4172932330827068,1.3233082706766917,1.1203007518796992,0.20300751879699247,1.2481203007518797,2.443609022556391,0.32706766917293234,0.29699248120300753,0.4849624060150376,0.5676691729323309,0.6578947368421053,0.10902255639097744,0.3684210526315789,0.31203007518796994,0.31954887218045114,1.4386973180076688,0.2524314765694084,0.7613143336037279,0.0,0.0,10.0,1.8,0.6,1.0,1.1,0.5,1.6,0.5,0.3,0.2,0.6,0.2,0.3,0.8,0.8,0.1,1.8590163934426238,0.6688524590163937,1649.5350816443067,4.925334472836099,2026-06-09
Sweden,1697.5250807214406,341,162,78,101,1.653958944281525,1.6099706744868034,1.035190615835777,0.5747800586510264,1.4780058651026393,2.6451612903225805,0.3812316715542522,0.2404692082111437,0.45454545454545453,0.501466275659824,0.6158357771260997,0.07624633431085044,0.4750733137829912,0.2287390029325513,0.2961876832844575,1.654283270194312,0.6153000122204588,0.5792524361332543,0.0,1.0,10.0,0.9,-0.7,1.3,1.3,2.0,3.3,0.2,0.3,0.5,0.0,0.3,0.7,0.4,0.5,0.0,0.9461538461538463,-0.6653846153846155,1725.0294515324501,-3.442227335016613,2026-06-04
New Zealand,1695.024264972817,177,71,31,75,1.3785310734463276,1.5593220338983051,1.2768361581920904,0.2824858757062147,1.9548022598870056,2.8361581920903953,0.3559322033898305,0.3502824858757062,0.3728813559322034,0.519774011299435,0.480225988700565,0.07909604519774012,0.4011299435028249,0.1751412429378531,0.423728813559322,1.4429492570787785,0.4034202410989634,1.1018320054961483,0.0,0.0,10.0,0.4,-1.1,1.7,0.7,1.8,2.5,0.1,0.1,0.8,0.0,0.6,0.4,0.6,0.5,0.0,0.41176470588235287,-1.088235294117647,1781.0285705411602,-4.668938763905063,2026-06-06
Wales,1687.1090824932967,243,91,63,89,1.382716049382716,1.168724279835391,1.123456790123457,0.04526748971193416,1.3127572016460904,2.292181069958848,0.3662551440329218,0.3374485596707819,0.4074074074074074,0.6090534979423868,0.654320987654321,0.1111111111111111,0.37448559670781895,0.25925925925925924,0.3662551440329218,1.399665271966529,0.04552301255230132,0.7699962242522487,0.0,0.0,10.0,1.2,0.1,1.5,1.5,1.4,2.9,0.3,0.3,0.4,0.2,0.2,0.6,0.6,0.7,0.0,1.4790697674418605,0.48372093023255813,1592.5186086255928,-1.538220114659465,2026-06-06
Peru,1686.14628179214,299,98,77,124,1.2408026755852843,1.0769230769230769,1.2709030100334449,-0.1939799331103679,1.3043478260869565,2.347826086956522,0.30434782608695654,0.3779264214046823,0.4180602006688963,0.5852842809364549,0.6354515050167224,0.10033444816053512,0.3277591973244147,0.25752508361204013,0.41471571906354515,1.1930077255466873,-0.26044258216577326,0.6225628153583259,0.0,0.0,10.0,0.6,-0.9,1.1,0.8,1.7,2.5,0.1,0.3,0.6,0.1,0.4,0.6,0.4,0.7,0.1,0.5351351351351351,-1.0054054054054054,1791.3334540038977,-3.5960915585686424,2026-06-08
Saudi Arabia,1682.6540290578782,416,199,96,121,1.6658653846153846,1.53125,0.9879807692307693,0.5432692307692307,1.5673076923076923,2.519230769230769,0.4206730769230769,0.28125,0.39663461538461536,0.5240384615384616,0.6225961538461539,0.0985576923076923,0.47836538461538464,0.23076923076923078,0.29086538461538464,1.6802046690118455,0.5596418292292955,0.4390721852352828,0.0,2.0,10.0,1.3,-0.1,1.5,1.2,1.3,2.5,0.4,0.1,0.5,0.2,0.4,0.5,0.3,0.7,0.1,1.4,5.075305255429287e-17,1690.831264352592,-1.011123915081884,2026-06-09
Jersey,1680.1183319317797,85,57,12,16,2.152941176470588,2.4823529411764707,0.9294117647058824,1.5529411764705883,2.164705882352941,3.411764705882353,0.4823529411764706,0.12941176470588237,0.43529411764705883,0.38823529411764707,0.5529411764705883,0.047058823529411764,0.6705882352941176,0.1411764705882353,0.18823529411764706,2.1258581235697958,1.4782608695652182,2.1190391991974153,0.0,0.0,10.0,2.5,1.7,1.9,2.7,1.0,3.7,0.8,0.1,0.1,0.5,0.0,0.5,0.3,0.6,0.0,2.4811320754716992,1.7264150943396228,1564.071807767829,3.013723772556439,2025-07-18
Tunisia,1677.8853933487046,340,159,101,80,1.7,1.4970588235294118,0.9058823529411765,0.5911764705882353,1.3205882352941176,2.402941176470588,0.42058823529411765,0.27941176470588236,0.4147058823529412,0.5823529411764706,0.6705882352941176,0.11470588235294117,0.4676470588235294,0.29705882352941176,0.23529411764705882,1.6593112671347447,0.5324863479326882,0.5231923333785402,0.0,0.0,10.0,1.3,-0.1,1.3,1.3,1.4,2.7,0.3,0.4,0.3,0.3,0.3,0.5,0.5,0.7,0.1,1.3138686131386859,0.13503649635036502,1666.243547522338,-2.422697190486127,2026-06-06
Republic of Ireland,1669.0197748866613,280,112,93,75,1.5321428571428573,1.3178571428571428,0.975,0.34285714285714286,1.2357142857142858,2.2928571428571427,0.39285714285714285,0.28214285714285714,0.44285714285714284,0.5857142857142857,0.6964285714285714,0.11785714285714285,0.4,0.33214285714285713,0.26785714285714285,1.4934805951833126,0.28593342537199,0.603642053166654,0.0,8.0,10.0,1.8,0.8,1.2,1.6,0.8,2.4,0.5,0.3,0.2,0.5,0.2,0.4,0.6,0.8,0.1,1.747826086956522,0.6173913043478263,1648.8470347092461,4.2599478161217155,2026-06-05
Slovenia,1664.557639566413,258,95,71,92,1.37984496124031,1.2325581395348837,1.12015503875969,0.1124031007751938,1.2751937984496124,2.352713178294574,0.35271317829457366,0.3178294573643411,0.42248062015503873,0.5930232558139535,0.6782945736434108,0.09302325581395349,0.3682170542635659,0.2751937984496124,0.35658914728682173,1.3668974197608585,0.12712397734424188,0.637820308396951,0.0,0.0,10.0,0.8,-0.6,0.8,0.8,1.4,2.2,0.1,0.5,0.4,0.2,0.5,0.5,0.6,0.8,0.2,0.747826086956522,-0.6913043478260872,1663.1315505840503,-5.182635858230074,2026-06-07
United Arab Emirates,1662.3328523921655,355,144,89,122,1.467605633802817,1.4901408450704225,1.1830985915492958,0.30704225352112674,1.495774647887324,2.6732394366197183,0.3267605633802817,0.29577464788732394,0.4704225352112676,0.504225352112676,0.6394366197183099,0.09295774647887324,0.4056338028169014,0.2507042253521127,0.3436619718309859,1.470922719048858,0.3349702765572512,0.4572756405413139,0.0,0.0,10.0,1.2,-0.2,1.0,1.2,1.4,2.6,0.3,0.3,0.4,0.1,0.1,0.8,0.4,0.8,0.0,1.1191489361702127,-0.24255319148936172,1690.385025443164,-1.6926810154747887,2025-12-15
Honduras,1662.1785960461925,368,145,90,133,1.4266304347826086,1.434782608695652,1.2445652173913044,0.19021739130434784,1.5217391304347827,2.6793478260869565,0.32065217391304346,0.31521739130434784,0.453804347826087,0.5217391304347826,0.592391304347826,0.08967391304347826,0.39402173913043476,0.24456521739130435,0.36141304347826086,1.4203435500168455,0.19355563040305435,0.44070270664726274,0.0,0.0,10.0,1.1,0.0,1.0,0.8,0.8,1.6,0.2,0.5,0.3,0.5,0.6,0.2,0.8,0.6,0.3,1.1170212765957448,0.06737588652482272,1710.895308131164,0.7712033033861238,2026-06-06
Guernsey,1658.7938615138069,78,49,12,17,2.0384615384615383,2.576923076923077,0.9358974358974359,1.641025641025641,2.2051282051282053,3.5128205128205128,0.4230769230769231,0.1794871794871795,0.46153846153846156,0.34615384615384615,0.5384615384615384,0.0641025641025641,0.6282051282051282,0.15384615384615385,0.21794871794871795,2.069053708439898,1.6662404092071608,2.0358187373565064,1.0,1.0,10.0,1.8,1.3,2.1,2.3,1.0,3.3,0.6,0.0,0.4,0.4,0.1,0.5,0.4,0.7,0.0,1.8315789473684212,1.2210526315789474,1530.7772604706856,-0.3092851395143965,2023-07-13
South Africa,1658.3605446309352,373,165,119,89,1.646112600536193,1.2654155495978552,0.8579088471849866,0.4075067024128686,1.1689008042895441,2.123324396782842,0.43967828418230565,0.30563002680965146,0.4075067024128686,0.6246648793565683,0.6836461126005362,0.15281501340482573,0.44235924932975873,0.3190348525469169,0.2386058981233244,1.6017699115044364,0.3543226684819619,0.4245591008872259,1.0,2.0,10.0,1.7,0.5,1.1,1.5,1.0,2.5,0.5,0.2,0.3,0.3,0.2,0.6,0.4,0.8,0.1,1.683636363636364,0.41818181818181827,1613.4580237347163,-0.1957471608681601,2026-06-06
Kosovo,1657.3528467490107,104,42,23,39,1.4326923076923077,1.4615384615384615,1.3365384615384615,0.125,1.6057692307692308,2.798076923076923,0.3173076923076923,0.27884615384615385,0.46153846153846156,0.5,0.5673076923076923,0.057692307692307696,0.40384615384615385,0.22115384615384615,0.375,1.3489795918367335,-0.010204081632652982,1.5130081418173995,1.0,1.0,10.0,1.7,0.3,1.5,1.4,1.1,2.5,0.5,0.2,0.3,0.5,0.3,0.3,0.6,0.6,0.1,1.7230769230769234,0.21923076923076926,1678.4053034068395,7.261681641574244,2026-06-07
Mali,1654.932033851439,260,117,68,75,1.6115384615384616,1.4038461538461537,0.95,0.45384615384615384,1.2846153846153847,2.353846153846154,0.3730769230769231,0.2846153846153846,0.4307692307692308,0.5884615384615385,0.6615384615384615,0.08846153846153847,0.45,0.26153846153846155,0.28846153846153844,1.6112241930793898,0.44140738586798595,0.5958924378901561,0.0,0.0,10.0,1.4,0.3,0.9,1.2,0.9,2.1,0.3,0.5,0.2,0.3,0.4,0.5,0.8,0.7,0.2,1.26875,0.27187500000000003,1651.779688305438,-0.012697331572345493,2026-06-04
Basque Country,1639.5902550236447,26,15,8,3,2.0384615384615383,2.1923076923076925,1.0769230769230769,1.1153846153846154,1.4230769230769231,3.269230769230769,0.23076923076923078,0.15384615384615385,0.6538461538461539,0.4230769230769231,0.6538461538461539,0.038461538461538464,0.5769230769230769,0.3076923076923077,0.11538461538461539,2.038461538461539,1.1153846153846156,5.368855962447845,1.0,11.0,10.0,2.2,1.5,1.5,2.2,0.7,2.9,0.6,0.4,0.0,0.4,0.1,0.6,0.5,0.6,0.1,2.1999999999999993,1.4999999999999996,1639.4414793304702,7.024841684429489,2025-11-15
Slovakia,1638.387900004446,285,116,72,97,1.4736842105263157,1.4280701754385965,1.1543859649122807,0.2736842105263158,1.3894736842105264,2.5824561403508772,0.30526315789473685,0.2771929824561403,0.49122807017543857,0.5403508771929825,0.6385964912280702,0.07368421052631578,0.4070175438596491,0.25263157894736843,0.34035087719298246,1.4869849769448185,0.268630075858992,0.48557157896296416,0.0,3.0,10.0,1.9,0.0,1.8,1.5,1.5,3.0,0.6,0.1,0.3,0.5,0.2,0.3,0.6,0.5,0.0,1.8204081632653066,-0.18367346938775517,1582.5339867742673,1.0394865944373972,2026-06-05
Jamaica,1636.18153795239,346,139,83,124,1.4450867052023122,1.369942196531792,1.1589595375722543,0.21098265895953758,1.5404624277456647,2.5289017341040463,0.3554913294797688,0.3352601156069364,0.40173410404624277,0.5549132947976878,0.6271676300578035,0.09248554913294797,0.40173410404624277,0.2398843930635838,0.3583815028901734,1.440468846391121,0.21813695249845835,0.39358825997800806,0.0,0.0,10.0,1.4,0.1,1.5,0.9,0.8,1.7,0.4,0.2,0.4,0.5,0.5,0.1,0.8,0.6,0.1,1.3705357142857142,0.20982142857142844,1553.822475814813,-3.2444455351901027,2026-06-06
Haiti,1635.943965807973,255,103,60,92,1.4470588235294117,1.7098039215686274,1.3411764705882352,0.3686274509803922,1.8509803921568628,3.0509803921568626,0.3215686274509804,0.30196078431372547,0.4549019607843137,0.47058823529411764,0.5686274509803921,0.0784313725490196,0.403921568627451,0.23529411764705882,0.3607843137254902,1.4652719665271985,0.4041841004184108,0.5331135914038188,0.0,0.0,10.0,1.5,0.5,1.5,1.5,1.0,2.5,0.4,0.3,0.3,0.5,0.3,0.3,0.5,0.6,0.1,1.6304347826086962,0.5000000000000001,1647.8961098998584,4.406244339897983,2026-06-05
Bolivia,1634.2523213884904,249,51,49,149,0.8112449799196787,0.9678714859437751,1.9477911646586346,-0.9799196787148594,1.8152610441767068,2.9156626506024095,0.18875502008032127,0.4538152610441767,0.42168674698795183,0.4457831325301205,0.5060240963855421,0.0642570281124498,0.20481927710843373,0.19678714859437751,0.5983935742971888,0.7618437900128067,-1.0548975672215157,0.5391659493513655,0.0,0.0,10.0,0.7,-1.4,2.2,0.7,2.1,2.8,0.2,0.1,0.7,0.1,0.6,0.3,0.3,0.4,0.0,0.8313953488372091,-1.1744186046511627,1758.0116685540252,-2.6164617041709137,2026-06-10
Qatar,1627.087433725135,417,179,104,134,1.5371702637889688,1.4724220623501199,1.13189448441247,0.3405275779376499,1.4580335731414868,2.6043165467625897,0.36211031175059955,0.2565947242206235,0.4724220623501199,0.4988009592326139,0.645083932853717,0.09112709832134293,0.4292565947242206,0.24940047961630696,0.3213429256594724,1.5540922942969189,0.39279494993469866,0.3047660281178313,0.0,1.0,10.0,0.7,-0.8,1.0,0.7,1.5,2.2,0.1,0.4,0.5,0.2,0.5,0.5,0.5,0.8,0.2,0.8638743455497383,-0.6544502617801048,1605.9171908593976,-5.3785281216506915,2026-06-06
Romania,1625.700629502018,281,131,69,81,1.6441281138790036,1.5302491103202847,1.0355871886120998,0.49466192170818507,1.4483985765124556,2.565836298932384,0.3879003558718861,0.2597864768683274,0.43416370106761565,0.5409252669039146,0.597864768683274,0.08185053380782918,0.46619217081850534,0.24555160142348753,0.28825622775800713,1.6097672295755396,0.4542826715350686,0.44733320107480035,1.0,2.0,10.0,1.4,0.1,1.7,1.6,1.5,3.1,0.4,0.2,0.4,0.1,0.3,0.6,0.4,0.6,0.0,1.4000000000000001,0.3441860465116279,1550.0416435910806,-2.1966810362596663,2026-06-06
Isle of Man,1625.532968315682,45,30,3,12,2.066666666666667,3.466666666666667,1.3777777777777778,2.088888888888889,3.111111111111111,4.844444444444444,0.3333333333333333,0.08888888888888889,0.5777777777777777,0.08888888888888889,0.4222222222222222,0.0,0.6666666666666666,0.06666666666666667,0.26666666666666666,2.062111801242235,2.0476190476190474,2.789621518126258,1.0,1.0,10.0,2.1,2.3,2.9,3.5,1.2,4.7,0.7,0.0,0.3,0.3,0.1,0.6,0.2,0.5,0.0,2.074766355140188,2.224299065420561,1488.2970189730102,1.1563853765721754,2025-07-18
Georgia,1623.2192675672575,249,79,58,112,1.1847389558232932,1.21285140562249,1.3855421686746987,-0.17269076305220885,1.4899598393574298,2.5983935742971886,0.2931726907630522,0.3132530120481928,0.4738955823293173,0.5220883534136547,0.5983935742971888,0.08032128514056225,0.3172690763052209,0.23293172690763053,0.4497991967871486,1.1191145467322565,-0.23928320449754062,0.4948564962540348,1.0,4.0,10.0,1.1,-0.4,1.8,1.4,1.8,3.2,0.3,0.2,0.5,0.3,0.2,0.5,0.4,0.4,0.0,0.865217391304348,-0.7652173913043478,1670.4199011850294,-3.8894198675276344,2026-06-05
Cape Verde,1620.108979463173,183,76,46,61,1.4972677595628416,1.180327868852459,1.0546448087431695,0.12568306010928962,1.3060109289617485,2.2349726775956285,0.3825136612021858,0.3333333333333333,0.3989071038251366,0.6065573770491803,0.6502732240437158,0.11475409836065574,0.41530054644808745,0.25136612021857924,0.3333333333333333,1.4861477572559423,0.10202286719437148,0.656333221110236,0.0,0.0,10.0,1.6,0.4,1.4,1.6,1.2,2.8,0.4,0.4,0.2,0.5,0.2,0.4,0.5,0.5,0.1,1.9354838709677418,0.7849462365591398,1569.5210881804478,1.826787436236788,2026-06-06
Burkina Faso,1611.7160165597666,284,108,77,99,1.4119718309859155,1.25,1.1267605633802817,0.12323943661971831,1.2922535211267605,2.3767605633802815,0.34507042253521125,0.30985915492957744,0.44366197183098594,0.5633802816901409,0.6514084507042254,0.09859154929577464,0.38028169014084506,0.2711267605633803,0.3485915492957746,1.4268170783949798,0.1595030701128093,0.3933662554921337,0.0,1.0,10.0,1.7,0.5,1.9,1.8,1.3,3.1,0.5,0.2,0.3,0.3,0.3,0.4,0.3,0.5,0.0,1.607692307692308,0.15384615384615388,1551.037102359698,-0.6754611707233114,2026-06-09
Guatemala,1610.635687526708,294,110,71,113,1.3639455782312926,1.3843537414965987,1.2789115646258504,0.1054421768707483,1.6360544217687074,2.663265306122449,0.3469387755102041,0.3401360544217687,0.41836734693877553,0.5306122448979592,0.5782312925170068,0.1054421768707483,0.3741496598639456,0.24149659863945577,0.3843537414965986,1.384555260278259,0.19727997498827632,0.37631186233574326,0.0,0.0,10.0,0.8,-1.4,2.0,1.0,2.4,3.4,0.2,0.2,0.6,0.1,0.3,0.6,0.4,0.6,0.0,0.9062500000000002,-0.8085937500000001,1695.0429477789253,-3.3355472140362963,2026-06-07
Northern Cyprus,1600.5578362547997,27,18,7,2,2.259259259259259,2.925925925925926,0.7037037037037037,2.2222222222222223,2.4444444444444446,3.6296296296296298,0.48148148148148145,0.14814814814814814,0.48148148148148145,0.4074074074074074,0.5185185185185185,0.1111111111111111,0.6666666666666666,0.25925925925925924,0.07407407407407407,2.1944444444444446,2.1076388888888893,3.724364305733324,0.0,12.0,10.0,2.0,2.0,2.0,2.8,0.8,3.6,0.5,0.5,0.0,0.4,0.2,0.6,0.4,0.7,0.2,2.0000000000000004,1.9913793103448278,1516.8370689283347,3.3642268438463225,2018-06-09
Ghana,1595.1354837010886,308,134,79,95,1.5616883116883118,1.422077922077922,1.0097402597402598,0.41233766233766234,1.3474025974025974,2.4318181818181817,0.35714285714285715,0.2857142857142857,0.44155844155844154,0.5844155844155844,0.6331168831168831,0.08441558441558442,0.43506493506493504,0.2564935064935065,0.30844155844155846,1.6217579250720524,0.45749279538904963,0.30888144058795086,0.0,1.0,10.0,1.1,-0.3,1.7,1.1,1.4,2.5,0.3,0.2,0.5,0.3,0.3,0.4,0.7,0.6,0.0,1.504950495049505,0.292079207920792,1682.4332439554382,1.898091340711121,2026-06-02
Oman,1593.840850945392,382,171,101,110,1.6073298429319371,1.3979057591623036,0.9921465968586387,0.40575916230366493,1.4371727748691099,2.3900523560209423,0.40575916230366493,0.3010471204188482,0.40575916230366493,0.5785340314136126,0.6465968586387435,0.112565445026178,0.4476439790575916,0.2643979057591623,0.2879581151832461,1.5845348985581318,0.4506826591808112,0.24565667786751544,0.0,0.0,10.0,1.0,-0.4,1.0,0.7,1.1,1.8,0.2,0.4,0.4,0.4,0.5,0.4,0.6,0.7,0.3,0.9626168224299066,-0.3317757009345794,1576.670676477623,-3.5749101377826404,2026-06-05
Catalonia,1593.592250358895,22,10,7,5,1.6818181818181819,1.9090909090909092,1.3181818181818181,0.5909090909090909,1.5,3.227272727272727,0.2727272727272727,0.18181818181818182,0.5909090909090909,0.45454545454545453,0.5454545454545454,0.045454545454545456,0.45454545454545453,0.3181818181818182,0.22727272727272727,1.6818181818181825,0.5909090909090913,4.2541931981316,1.0,2.0,10.0,1.9,1.0,1.2,2.1,1.1,3.2,0.5,0.4,0.1,0.2,0.2,0.7,0.4,0.7,0.1,1.8999999999999992,0.9999999999999998,1644.1413297850002,5.931162507227201,2019-03-25
Occitania,1592.4731349360661,16,9,6,1,2.0625,3.5,0.9375,2.5625,2.6875,4.4375,0.375,0.125,0.625,0.4375,0.625,0.125,0.5625,0.375,0.0625,2.0747663551401874,2.663551401869159,5.779570933504104,2.0,12.0,10.0,2.4,2.4,2.4,3.3,0.9,4.2,0.7,0.3,0.0,0.4,0.1,0.6,0.5,0.6,0.1,2.446153846153846,2.5538461538461537,1510.9825883386104,6.774651360933328,2014-12-30
Albania,1587.1324166243592,248,86,55,107,1.2620967741935485,1.060483870967742,1.1733870967741935,-0.11290322580645161,1.3790322580645162,2.2338709677419355,0.3629032258064516,0.3911290322580645,0.3629032258064516,0.6008064516129032,0.6048387096774194,0.11693548387096774,0.3467741935483871,0.2217741935483871,0.4314516129032258,1.2105263157894752,-0.19059276097219827,0.35134038961435493,0.0,0.0,10.0,1.5,0.0,1.2,0.9,0.9,1.8,0.5,0.0,0.5,0.4,0.4,0.2,0.8,0.8,0.0,1.6046511627906979,6.196593625814828e-17,1542.8733121302243,-0.02275080974403689,2026-06-06
Bosnia and Herzegovina,1587.0476099113646,249,94,60,95,1.3734939759036144,1.4056224899598393,1.3413654618473896,0.0642570281124498,1.502008032128514,2.746987951807229,0.3132530120481928,0.2931726907630522,0.46987951807228917,0.5100401606425703,0.5863453815261044,0.07630522088353414,0.37751004016064255,0.24096385542168675,0.3815261044176707,1.3918640576725048,0.12238242361826317,0.349588794824754,0.0,8.0,10.0,1.5,1.0,1.2,2.0,1.0,3.0,0.3,0.6,0.1,0.2,0.1,0.8,0.5,0.7,0.1,1.4693877551020407,1.0,1571.1419344761612,4.664562530438839,2026-06-06
Curaçao,1584.2926487612024,150,50,36,64,1.24,1.5866666666666667,1.44,0.14666666666666667,1.8,3.026666666666667,0.2866666666666667,0.32,0.4866666666666667,0.4666666666666667,0.6,0.09333333333333334,0.3333333333333333,0.24,0.4266666666666667,1.2490522018081065,0.19335083114610657,0.5619509917413514,1.0,1.0,10.0,1.5,0.5,2.3,1.9,1.4,3.3,0.4,0.3,0.3,0.5,0.3,0.4,0.5,0.4,0.2,1.695652173913044,0.956521739130435,1557.439615358835,3.0661875352462507,2026-06-06
Padania,1581.8439884277375,32,17,8,7,1.84375,2.8125,0.96875,1.84375,2.46875,3.78125,0.4375,0.125,0.5,0.4375,0.5,0.0625,0.53125,0.25,0.21875,1.8342245989304808,1.8449197860962567,2.557624638366796,0.0,0.0,10.0,1.7,1.6,2.4,2.5,0.9,3.4,0.5,0.2,0.3,0.5,0.2,0.4,0.4,0.4,0.1,1.7130434782608697,1.6260869565217393,1499.3055647638027,0.7141396849188576,2019-06-08
Israel,1580.5587827447869,219,85,51,83,1.3972602739726028,1.5342465753424657,1.4885844748858448,0.045662100456621,1.4794520547945205,3.0228310502283104,0.2420091324200913,0.2191780821917808,0.593607305936073,0.4063926940639269,0.6027397260273972,0.0547945205479452,0.3881278538812785,0.2328767123287671,0.3789954337899543,1.4185956790123473,0.08584104938271617,0.36784832303555703,1.0,4.0,10.0,1.7,0.2,2.0,1.9,1.7,3.6,0.5,0.2,0.3,0.4,0.3,0.4,0.3,0.5,0.1,1.6217391304347828,0.12173913043478249,1568.417203861837,1.5197223856773037,2026-06-03
Abkhazia,1571.7528113085605,33,15,13,5,1.7575757575757576,1.6363636363636365,0.7878787878787878,0.8484848484848485,1.393939393939394,2.4242424242424243,0.5151515151515151,0.24242424242424243,0.3939393939393939,0.6060606060606061,0.6363636363636364,0.15151515151515152,0.45454545454545453,0.3939393939393939,0.15151515151515152,1.7574999999999994,0.8399999999999995,2.1743276154109257,0.0,9.0,10.0,1.9,1.1,1.5,1.8,0.7,2.5,0.5,0.4,0.1,0.5,0.2,0.4,0.7,0.5,0.1,1.904347826086957,1.1217391304347828,1510.0649817468816,2.385709129628102,2019-06-08
Suriname,1570.2142817016202,148,62,35,51,1.4932432432432432,1.6689189189189189,1.3310810810810811,0.33783783783783783,1.7432432432432432,3.0,0.2972972972972973,0.2702702702702703,0.49324324324324326,0.44594594594594594,0.6081081081081081,0.060810810810810814,0.4189189189189189,0.23648648648648649,0.34459459459459457,1.4267757965507148,0.25606547793042955,0.47442082230824467,0.0,0.0,10.0,1.0,-0.1,1.1,1.3,1.4,2.7,0.2,0.4,0.4,0.3,0.3,0.6,0.5,0.7,0.2,0.9318885448916409,-0.19195046439628483,1657.9782525963485,0.336306759749551,2026-03-26
Syria,1568.1818557103381,318,118,83,117,1.3742138364779874,1.5,1.2578616352201257,0.24213836477987422,1.5377358490566038,2.757861635220126,0.29245283018867924,0.27672955974842767,0.5,0.48742138364779874,0.6635220125786163,0.06918238993710692,0.3710691823899371,0.2610062893081761,0.36792452830188677,1.4175806957066799,0.388122845502978,0.21440835129037258,0.0,0.0,10.0,1.8,1.1,1.9,2.0,0.9,2.9,0.5,0.3,0.2,0.5,0.2,0.4,0.5,0.5,0.1,1.9906976744186051,1.5162790697674422,1473.7842472271338,2.181231724517893,2026-06-05
Andalusia,1567.6740038215255,9,7,2,0,2.5555555555555554,2.4444444444444446,1.0,1.4444444444444444,1.4444444444444444,3.4444444444444446,0.3333333333333333,0.1111111111111111,0.6666666666666666,0.3333333333333333,0.5555555555555556,0.1111111111111111,0.7777777777777778,0.2222222222222222,0.0,2.5555555555555545,1.444444444444444,7.519333757947272,3.0,9.0,9.0,2.5555555555555554,1.4444444444444444,1.4444444444444444,2.4444444444444446,1.0,3.4444444444444446,0.7777777777777778,0.2222222222222222,0.0,0.3333333333333333,0.1111111111111111,0.6666666666666666,0.3333333333333333,0.5555555555555556,0.1111111111111111,2.5555555555555545,1.444444444444444,1528.315520332565,7.519333757947272,2013-06-07
Ynys Môn,1567.3209249007361,43,24,6,13,1.813953488372093,1.8604651162790697,1.558139534883721,0.3023255813953488,2.0232558139534884,3.4186046511627906,0.3023255813953488,0.2558139534883721,0.5116279069767442,0.37209302325581395,0.4418604651162791,0.06976744186046512,0.5581395348837209,0.13953488372093023,0.3023255813953488,1.7830802603036868,0.3036876355748372,1.5656029046682705,2.0,2.0,10.0,2.7,1.1,1.7,2.1,1.0,3.1,0.9,0.0,0.1,0.4,0.0,0.6,0.4,0.6,0.0,2.6632653061224496,1.0816326530612246,1551.1937017889957,4.751524157762835,2025-07-17
Thailand,1566.7958545881747,341,156,83,102,1.6158357771260996,1.715542521994135,1.2375366568914956,0.4780058651026393,1.6627565982404693,2.9530791788856305,0.3724340175953079,0.21114369501466276,0.49266862170087977,0.45161290322580644,0.5425219941348973,0.07624633431085044,0.4574780058651026,0.2434017595307918,0.2991202346041056,1.5276864035087774,0.3638980263157904,0.19588227151957155,0.0,6.0,10.0,2.0,1.4,2.0,2.3,0.9,3.2,0.6,0.2,0.2,0.5,0.2,0.4,0.4,0.4,0.1,2.0505050505050506,1.6111111111111112,1404.5766627428486,0.44114440852775055,2026-06-09
Angola,1566.230320886929,284,96,105,83,1.3838028169014085,1.1338028169014085,0.9894366197183099,0.1443661971830986,1.073943661971831,2.1232394366197185,0.36619718309859156,0.352112676056338,0.4471830985915493,0.6584507042253521,0.6936619718309859,0.16549295774647887,0.3380281690140845,0.36971830985915494,0.29225352112676056,1.3851511558980494,0.1699762892708956,0.23320535523566227,1.0,4.0,10.0,1.4,0.3,0.9,1.4,1.1,2.5,0.3,0.5,0.2,0.3,0.3,0.6,0.5,0.7,0.2,1.2036363636363634,0.1527272727272727,1547.1931044770138,-0.821630030736447,2026-06-09
China,1563.7047189860784,327,138,84,105,1.5229357798165137,1.599388379204893,1.1162079510703364,0.4831804281345566,1.694189602446483,2.7155963302752295,0.3853211009174312,0.3211009174311927,0.40061162079510704,0.5412844036697247,0.5718654434250765,0.10703363914373089,0.42201834862385323,0.25688073394495414,0.3211009174311927,1.548484848484861,0.5786501377410502,0.1948156543916724,0.0,2.0,10.0,1.1,-0.4,1.2,0.8,1.2,2.0,0.3,0.2,0.5,0.3,0.5,0.3,0.7,0.6,0.1,0.9255813953488373,-0.6093023255813954,1654.3090216404228,-0.6770528359653658,2026-06-09
Réunion,1562.9860389975395,46,26,12,8,1.9565217391304348,1.9130434782608696,0.7391304347826086,1.173913043478261,1.6956521739130435,2.652173913043478,0.45652173913043476,0.1956521739130435,0.43478260869565216,0.5652173913043478,0.6521739130434783,0.08695652173913043,0.5652173913043478,0.2608695652173913,0.17391304347826086,1.9324758842443743,1.106109324758843,1.3692617173378152,0.0,0.0,10.0,1.8,1.0,1.4,1.6,0.6,2.2,0.5,0.3,0.2,0.4,0.3,0.4,0.6,0.7,0.1,1.7999999999999992,0.9999999999999998,1352.7042403639837,-1.9678616393556516,2023-09-02
New Caledonia,1559.7231174319465,120,59,19,42,1.6333333333333333,2.591666666666667,1.3,1.2916666666666667,2.775,3.8916666666666666,0.4,0.24166666666666667,0.4,0.4,0.45,0.041666666666666664,0.49166666666666664,0.15833333333333333,0.35,1.6034229828850814,1.2449877750611227,0.49769264526622836,0.0,0.0,10.0,2.0,1.3,2.1,2.3,1.0,3.3,0.6,0.2,0.2,0.4,0.2,0.4,0.4,0.5,0.0,1.8634361233480174,0.894273127753304,1486.6410088215164,3.5607882441920182,2026-03-26
North Macedonia,1558.586785192029,258,80,67,111,1.189922480620155,1.1472868217054264,1.3294573643410852,-0.1821705426356589,1.4069767441860466,2.4767441860465116,0.3023255813953488,0.35271317829457366,0.4418604651162791,0.5465116279069767,0.6511627906976745,0.09689922480620156,0.31007751937984496,0.2596899224806202,0.43023255813953487,1.1609195402298873,-0.23478701825557863,0.22708056275980248,0.0,0.0,10.0,0.8,-1.0,2.0,0.8,1.8,2.6,0.1,0.5,0.4,0.5,0.6,0.3,0.5,0.6,0.4,0.8697674418604652,-1.0000000000000002,1580.0023786884349,-4.60943440739829,2026-06-01
Northern Ireland,1558.2828103009956,235,70,58,107,1.1404255319148937,0.9787234042553191,1.2595744680851064,-0.28085106382978725,1.3872340425531915,2.2382978723404254,0.3276595744680851,0.43829787234042555,0.35319148936170214,0.6297872340425532,0.625531914893617,0.11914893617021277,0.2978723404255319,0.24680851063829787,0.4553191489361702,1.1448674003247352,-0.22406639004149387,0.24801195872764104,0.0,0.0,10.0,1.3,-0.2,1.4,1.0,1.2,2.2,0.4,0.1,0.5,0.3,0.3,0.4,0.7,0.5,0.0,1.2938775510204084,-0.1755102040816327,1704.163155719481,3.42967211305384,2026-06-08
Kernow,1557.6694821456208,8,6,1,1,2.375,2.5,0.875,1.625,1.875,3.375,0.375,0.0,0.625,0.25,0.625,0.0,0.75,0.125,0.125,2.3965517241379306,1.6034482758620685,7.208685268202572,2.0,7.0,8.0,2.375,1.625,1.875,2.5,0.875,3.375,0.75,0.125,0.125,0.375,0.0,0.625,0.25,0.625,0.0,2.3965517241379306,1.6034482758620685,1530.9819322474914,7.208685268202572,2023-07-16
Palestine,1556.018353548771,218,69,60,89,1.224770642201835,1.334862385321101,1.31651376146789,0.01834862385321101,1.7155963302752293,2.6513761467889907,0.37155963302752293,0.3944954128440367,0.3623853211009174,0.5596330275229358,0.5688073394495413,0.12844036697247707,0.3165137614678899,0.27522935779816515,0.40825688073394495,1.1996587030716739,0.023677474402730485,0.25696492453564745,0.0,2.0,10.0,0.9,-0.4,0.6,0.5,0.9,1.4,0.1,0.6,0.3,0.5,0.6,0.3,0.7,0.9,0.4,0.9633507853403142,-0.29319371727748694,1592.82754288112,-0.48651217201098085,2026-06-09
Isle of Wight,1555.1419419890813,26,14,2,10,1.6923076923076923,2.5384615384615383,1.3846153846153846,1.1538461538461537,2.6153846153846154,3.923076923076923,0.34615384615384615,0.23076923076923078,0.5,0.2692307692307692,0.4230769230769231,0.07692307692307693,0.5384615384615384,0.07692307692307693,0.38461538461538464,1.6923076923076914,1.1538461538461533,2.1208439226569835,0.0,0.0,10.0,2.2,1.0,1.4,1.9,0.9,2.8,0.7,0.1,0.2,0.5,0.1,0.5,0.4,0.6,0.1,2.2000000000000006,1.0000000000000002,1549.0837591442782,3.731446820765254,2023-07-13
Bahrain,1551.4523252411866,412,161,112,139,1.4441747572815533,1.325242718446602,1.145631067961165,0.1796116504854369,1.3640776699029127,2.470873786407767,0.3470873786407767,0.3276699029126214,0.4344660194174757,0.5631067961165048,0.6504854368932039,0.10922330097087378,0.3907766990291262,0.27184466019417475,0.33737864077669905,1.4448082319925246,0.19048175865294747,0.12488428456598831,0.0,0.0,10.0,0.7,-0.8,1.4,0.9,1.7,2.6,0.2,0.1,0.7,0.1,0.4,0.5,0.5,0.7,0.0,0.7771739130434784,-0.7608695652173914,1554.500150930172,-5.551905220433261,2026-06-05
Yorkshire,1548.4297926481638,7,5,1,1,2.2857142857142856,3.857142857142857,1.5714285714285714,2.2857142857142856,2.5714285714285716,5.428571428571429,0.2857142857142857,0.0,0.7142857142857143,0.2857142857142857,0.5714285714285714,0.0,0.7142857142857143,0.14285714285714285,0.14285714285714285,2.2783505154639165,2.2989690721649483,6.918541806880538,3.0,3.0,7.0,2.2857142857142856,2.2857142857142856,2.5714285714285716,3.857142857142857,1.5714285714285714,5.428571428571429,0.7142857142857143,0.14285714285714285,0.14285714285714285,0.2857142857142857,0.0,0.7142857142857143,0.2857142857142857,0.5714285714285714,0.0,2.2783505154639165,2.2989690721649483,1504.9885792563455,6.918541806880538,2019-06-01
Iceland,1547.9408076285201,279,89,60,130,1.1720430107526882,1.2759856630824373,1.5627240143369177,-0.2867383512544803,1.5698924731182795,2.838709677419355,0.27956989247311825,0.2939068100358423,0.4874551971326165,0.45878136200716846,0.5627240143369175,0.06093189964157706,0.31899641577060933,0.21505376344086022,0.4659498207885305,1.1534316056427347,-0.3293707402123957,0.17183085171512483,0.0,0.0,10.0,0.6,-1.1,1.5,1.1,2.2,3.3,0.1,0.3,0.6,0.1,0.4,0.5,0.4,0.5,0.0,0.6697674418604652,-0.9255813953488373,1811.1964176549197,0.46891421489427965,2026-06-09
Panjab,1546.6936875144293,18,9,3,6,1.6666666666666667,2.9444444444444446,1.2222222222222223,1.7222222222222223,2.611111111111111,4.166666666666667,0.3333333333333333,0.2222222222222222,0.4444444444444444,0.4444444444444444,0.5,0.0,0.5,0.16666666666666666,0.3333333333333333,1.6695652173913045,1.7478260869565223,2.5940937508016013,1.0,1.0,10.0,1.4,1.6,2.6,3.0,1.4,4.4,0.4,0.2,0.4,0.4,0.2,0.4,0.4,0.5,0.0,1.4062499999999996,1.5937499999999998,1518.7834466142974,1.201501987294292,2019-12-29
Guinea,1540.6678703749856,226,90,58,78,1.4513274336283186,1.3893805309734513,1.2433628318584071,0.14601769911504425,1.2787610619469028,2.6327433628318584,0.2920353982300885,0.24778761061946902,0.5221238938053098,0.5088495575221239,0.6814159292035398,0.061946902654867256,0.39823008849557523,0.25663716814159293,0.34513274336283184,1.4603008044770955,0.15669814620496725,0.17994632909285185,0.0,0.0,10.0,1.3,0.3,0.9,1.2,0.9,2.1,0.3,0.4,0.3,0.3,0.4,0.4,0.6,0.8,0.1,1.4676616915422884,0.46766169154228865,1474.0831693231194,-0.688806555998613,2026-06-04
Kárpátalja,1538.648053379225,11,5,5,1,1.8181818181818181,2.272727272727273,1.1818181818181819,1.0909090909090908,1.2727272727272727,3.4545454545454546,0.18181818181818182,0.18181818181818182,0.7272727272727273,0.45454545454545453,0.5454545454545454,0.09090909090909091,0.45454545454545453,0.45454545454545453,0.09090909090909091,1.869918699186992,1.1544715447154474,3.513459398111405,0.0,9.0,10.0,1.9,1.2,1.4,2.4,1.2,3.6,0.5,0.4,0.1,0.2,0.2,0.7,0.4,0.5,0.1,1.9224137931034486,1.2241379310344829,1526.5698629386266,3.8786158243343665,2018-06-09
Menorca,1536.7290720339158,25,11,6,8,1.56,2.24,1.28,0.96,1.92,3.52,0.24,0.2,0.56,0.32,0.6,0.0,0.44,0.24,0.32,1.5599999999999996,0.9599999999999996,1.4691628813566644,0.0,0.0,10.0,1.4,0.6,2.0,1.8,1.2,3.0,0.4,0.2,0.4,0.4,0.3,0.3,0.5,0.7,0.0,1.4000000000000004,0.6000000000000002,1520.1020752938286,-0.18668108066491032,2023-07-13
Malaysia,1535.691685269413,295,111,65,119,1.3491525423728814,1.528813559322034,1.4779661016949153,0.05084745762711865,1.888135593220339,3.006779661016949,0.3152542372881356,0.3288135593220339,0.45084745762711864,0.43389830508474575,0.4915254237288136,0.09491525423728814,0.376271186440678,0.22033898305084745,0.4033898305084746,1.2939466484268176,-0.10978112175102618,0.12098876362512462,6.0,6.0,10.0,2.3,1.3,1.9,1.9,0.6,2.5,0.7,0.2,0.1,0.6,0.2,0.3,0.5,0.5,0.1,2.478672985781991,1.7251184834123228,1369.0173816171957,5.238251937172831,2025-11-18
Artsakh,1535.1091409661685,11,6,2,3,1.8181818181818181,2.909090909090909,1.2727272727272727,1.6363636363636365,2.5454545454545454,4.181818181818182,0.2727272727272727,0.09090909090909091,0.6363636363636364,0.36363636363636365,0.5454545454545454,0.0,0.5454545454545454,0.18181818181818182,0.2727272727272727,1.8167938931297711,1.687022900763359,3.191740087833532,2.0,3.0,10.0,1.9,1.8,2.8,3.1,1.3,4.4,0.6,0.1,0.3,0.3,0.1,0.6,0.3,0.5,0.0,1.9145299145299146,1.888888888888889,1508.9790244578194,3.5109140966168852,2019-06-08
Indonesia,1532.3045512085698,256,103,55,98,1.421875,1.625,1.49609375,0.12890625,2.01171875,3.12109375,0.34765625,0.31640625,0.42578125,0.40234375,0.5078125,0.08984375,0.40234375,0.21484375,0.3828125,1.3302411873840496,-0.10037105751391509,0.12618965315848088,2.0,2.0,10.0,1.6,0.6,2.4,1.7,1.1,2.8,0.5,0.1,0.4,0.6,0.4,0.1,0.5,0.6,0.1,1.3450000000000002,-0.10500000000000011,1538.2973263021095,1.3015159414128048,2026-06-09
Corsica,1531.709593934333,7,3,4,0,1.8571428571428572,1.1428571428571428,0.5714285714285714,0.5714285714285714,0.5714285714285714,1.7142857142857142,0.42857142857142855,0.0,0.5714285714285714,1.0,0.8571428571428571,0.0,0.42857142857142855,0.5714285714285714,0.0,1.8409090909090906,0.5227272727272726,4.529941990618996,0.0,7.0,7.0,1.8571428571428572,0.5714285714285714,0.5714285714285714,1.1428571428571428,0.5714285714285714,1.7142857142857142,0.42857142857142855,0.5714285714285714,0.0,0.42857142857142855,0.0,0.5714285714285714,1.0,0.8571428571428571,0.0,1.8409090909090906,0.5227272727272726,1573.3649650749398,4.529941990618996,2017-05-26
County of Nice,1531.085915026607,9,6,1,2,2.111111111111111,2.111111111111111,1.4444444444444444,0.6666666666666666,1.7777777777777777,3.5555555555555554,0.3333333333333333,0.1111111111111111,0.6666666666666666,0.2222222222222222,0.4444444444444444,0.1111111111111111,0.6666666666666666,0.1111111111111111,0.2222222222222222,2.105769230769231,0.6634615384615384,3.4539905585118595,0.0,0.0,9.0,2.111111111111111,0.6666666666666666,1.7777777777777777,2.111111111111111,1.4444444444444444,3.5555555555555554,0.6666666666666666,0.1111111111111111,0.2222222222222222,0.3333333333333333,0.1111111111111111,0.6666666666666666,0.2222222222222222,0.4444444444444444,0.1111111111111111,2.105769230769231,0.6634615384615384,1519.668324628663,3.4539905585118595,2015-06-21
Provence,1530.351154550393,3,3,0,0,3.0,4.0,1.3333333333333333,2.6666666666666665,2.6666666666666665,5.333333333333333,0.0,0.0,1.0,0.0,0.3333333333333333,0.0,1.0,0.0,0.0,3.0,2.666666666666667,10.117051516797696,3.0,3.0,3.0,3.0,2.6666666666666665,2.6666666666666665,4.0,1.3333333333333333,5.333333333333333,1.0,0.0,0.0,0.0,0.0,1.0,0.0,0.3333333333333333,0.0,3.0,2.666666666666667,1491.2134575445646,10.117051516797696,2013-02-13
Trinidad and Tobago,1529.8403986203646,360,141,76,143,1.386111111111111,1.4833333333333334,1.3916666666666666,0.09166666666666666,1.7416666666666667,2.875,0.3194444444444444,0.3138888888888889,0.4361111111111111,0.46944444444444444,0.5388888888888889,0.06944444444444445,0.39166666666666666,0.2111111111111111,0.3972222222222222,1.3707684704719607,0.046577711885347324,0.08288999616768258,0.0,0.0,10.0,0.7,-1.3,1.9,1.0,2.3,3.3,0.1,0.4,0.5,0.1,0.4,0.5,0.3,0.4,0.0,0.8744186046511628,-0.7767441860465117,1613.1204888184507,-2.5614893329964628,2026-06-09
Rhodes,1529.6242325350336,14,9,0,5,1.9285714285714286,1.6428571428571428,1.1428571428571428,0.5,2.2142857142857144,2.7857142857142856,0.42857142857142855,0.2857142857142857,0.2857142857142857,0.5,0.21428571428571427,0.0,0.6428571428571429,0.0,0.35714285714285715,1.928571428571429,0.5000000000000001,2.1160166096452917,0.0,0.0,10.0,2.1,0.8,2.2,1.7,0.9,2.6,0.7,0.0,0.3,0.5,0.3,0.2,0.5,0.3,0.0,2.1000000000000005,0.8000000000000002,1519.3523510776035,3.0899704578946237,2011-06-27
Iraqi Kurdistan,1529.1865505500632,10,3,6,1,1.5,2.3,0.9,1.4,1.6,3.2,0.4,0.1,0.6,0.4,0.7,0.1,0.3,0.6,0.1,1.5000000000000002,1.4,2.9186550550063126,0.0,9.0,10.0,1.5,1.4,1.6,2.3,0.9,3.2,0.3,0.6,0.1,0.4,0.1,0.6,0.4,0.7,0.1,1.5000000000000002,1.4,1516.0987571353558,2.9186550550063126,2016-06-04
Ellan Vannin,1529.0472756477566,20,9,5,6,1.6,2.15,1.5,0.65,1.85,3.65,0.2,0.2,0.65,0.45,0.5,0.05,0.45,0.25,0.3,1.6250000000000002,0.7208333333333333,1.4523637823878168,0.0,0.0,10.0,1.5,0.2,1.2,1.6,1.4,3.0,0.4,0.3,0.3,0.2,0.2,0.6,0.6,0.6,0.0,1.53781512605042,0.2352941176470588,1503.545264318806,0.7545691487539292,2018-06-03
Zambia,1528.2664480834867,359,139,108,112,1.4623955431754874,1.222841225626741,1.0222841225626742,0.20055710306406685,1.1977715877437325,2.245125348189415,0.3955431754874652,0.3286908077994429,0.415041782729805,0.6072423398328691,0.6963788300835655,0.1392757660167131,0.3871866295264624,0.3008356545961003,0.31197771587743733,1.4668217433888417,0.2159647404505394,0.07873662418798545,0.0,0.0,10.0,0.5,-1.8,2.0,0.5,2.3,2.8,0.1,0.2,0.7,0.2,0.6,0.3,0.5,0.5,0.1,0.6363636363636364,-1.3527272727272728,1688.0684994760093,-3.8130087369186767,2026-03-31
Sealand,1525.3874818256554,9,4,4,1,1.7777777777777777,2.4444444444444446,1.6666666666666667,0.7777777777777778,1.2222222222222223,4.111111111111111,0.0,0.0,1.0,0.2222222222222222,0.6666666666666666,0.0,0.4444444444444444,0.4444444444444444,0.1111111111111111,1.7777777777777775,0.7777777777777778,2.820831313961735,2.0,7.0,9.0,1.7777777777777777,0.7777777777777778,1.2222222222222223,2.4444444444444446,1.6666666666666667,4.111111111111111,0.4444444444444444,0.4444444444444444,0.1111111111111111,0.0,0.0,1.0,0.2222222222222222,0.6666666666666666,0.0,1.7777777777777775,0.7777777777777778,1474.4661741061022,2.820831313961735,2014-08-10
Cascadia,1524.7037801273495,7,4,1,2,1.8571428571428572,3.2857142857142856,2.0,1.2857142857142858,2.7142857142857144,5.285714285714286,0.2857142857142857,0.0,0.7142857142857143,0.0,0.2857142857142857,0.0,0.5714285714285714,0.14285714285714285,0.2857142857142857,1.8837209302325577,1.3255813953488371,3.5291114467642473,1.0,3.0,7.0,1.8571428571428572,1.2857142857142858,2.7142857142857144,3.2857142857142856,2.0,5.285714285714286,0.5714285714285714,0.14285714285714285,0.2857142857142857,0.2857142857142857,0.0,0.7142857142857143,0.0,0.2857142857142857,0.0,1.8837209302325577,1.3255813953488371,1501.586298189827,3.5291114467642473,2019-05-25
Gozo,1523.3601211780294,8,3,2,3,1.375,3.0,1.0,2.0,3.0,4.0,0.375,0.5,0.25,0.625,0.625,0.125,0.375,0.25,0.375,1.4285714285714286,2.4615384615384617,2.920015147253724,0.0,1.0,8.0,1.375,2.0,3.0,3.0,1.0,4.0,0.375,0.25,0.375,0.375,0.5,0.25,0.625,0.625,0.125,1.4285714285714286,2.4615384615384617,1559.7869812382785,2.920015147253724,2025-07-17
Tamil Eelam,1522.9596560801624,19,11,0,8,1.736842105263158,2.526315789473684,2.1578947368421053,0.3684210526315789,3.736842105263158,4.684210526315789,0.3157894736842105,0.3684210526315789,0.3157894736842105,0.15789473684210525,0.15789473684210525,0.0,0.5789473684210527,0.0,0.42105263157894735,1.7368421052631573,0.39035087719298256,1.2084029515874786,7.0,7.0,10.0,2.4,1.4,2.8,2.7,1.3,4.0,0.8,0.0,0.2,0.4,0.2,0.4,0.1,0.3,0.0,2.400000000000001,1.4083333333333337,1469.3577985051543,5.175830131147643,2025-07-04
Galicia,1522.1823120871481,8,3,3,2,1.5,1.5,2.125,-0.625,1.375,3.625,0.0,0.125,0.875,0.5,0.75,0.0,0.375,0.375,0.25,1.4999999999999996,-0.6249999999999999,2.7727890108935185,0.0,0.0,8.0,1.5,-0.625,1.375,1.5,2.125,3.625,0.375,0.375,0.25,0.0,0.125,0.875,0.5,0.75,0.0,1.4999999999999996,-0.6249999999999999,1643.06464995864,2.7727890108935185,2024-05-21
Libya,1521.359807873748,227,83,57,87,1.3480176211453745,1.171806167400881,1.1497797356828194,0.022026431718061675,1.2819383259911894,2.3215859030837005,0.3436123348017621,0.3656387665198238,0.40969162995594716,0.5903083700440529,0.7048458149779736,0.11894273127753303,0.3656387665198238,0.2511013215859031,0.3832599118942731,1.2969432314410532,-0.03830885271933322,0.0940960699284087,0.0,8.0,10.0,1.5,0.2,0.6,1.1,0.9,2.0,0.3,0.6,0.1,0.6,0.3,0.4,0.7,0.8,0.3,1.5133928571428574,0.19196428571428575,1498.842056951945,2.757328978763943,2026-03-31
Finland,1518.4173862407956,292,110,62,120,1.3424657534246576,1.1849315068493151,1.2294520547945205,-0.04452054794520548,1.4006849315068493,2.414383561643836,0.3116438356164384,0.3424657534246575,0.4212328767123288,0.5753424657534246,0.613013698630137,0.07534246575342465,0.3767123287671233,0.21232876712328766,0.410958904109589,1.3468482736775442,-0.03880266075388038,0.06307324055067483,0.0,0.0,10.0,1.0,-0.6,2.0,1.1,1.7,2.8,0.3,0.1,0.6,0.2,0.4,0.4,0.4,0.5,0.0,0.9249999999999999,-0.8700000000000001,1605.870715991284,-2.9552257100143384,2026-06-05
Vietnam,1518.2057016233568,234,104,51,79,1.5512820512820513,1.7094017094017093,1.2820512820512822,0.42735042735042733,1.8803418803418803,2.9914529914529915,0.3504273504273504,0.31196581196581197,0.42735042735042733,0.43162393162393164,0.5213675213675214,0.08974358974358974,0.4444444444444444,0.21794871794871795,0.33760683760683763,1.4650983416891674,0.3087157732356352,0.07780214368955735,4.0,4.0,10.0,2.7,1.4,2.2,2.4,1.0,3.4,0.9,0.0,0.1,0.4,0.1,0.5,0.2,0.4,0.0,2.6367713004484314,1.3363228699551573,1307.9445773873117,3.0443889266776574,2026-03-26
Elba Island,1517.822520009752,2,2,0,0,3.0,4.5,1.0,3.5,3.5,5.5,0.5,0.0,0.5,0.0,0.0,0.0,1.0,0.0,0.0,2.9999999999999996,3.5000000000000004,8.91126000487603,2.0,2.0,2.0,3.0,3.5,3.5,4.5,1.0,5.5,1.0,0.0,0.0,0.5,0.0,0.5,0.0,0.0,0.0,2.9999999999999996,3.5000000000000004,1425.4652220081439,8.91126000487603,2022-07-16
Arameans Suryoye,1516.2257552320714,5,3,1,1,2.0,1.8,1.2,0.6,1.8,3.0,0.4,0.2,0.6,0.4,0.4,0.2,0.6,0.2,0.2,1.9999999999999998,0.6,3.2451510464142617,1.0,1.0,5.0,2.0,0.6,1.8,1.8,1.2,3.0,0.6,0.2,0.2,0.4,0.2,0.6,0.4,0.4,0.2,1.9999999999999998,0.6,1520.2239838306687,3.2451510464142617,2014-06-08
Guadeloupe,1515.374943824318,143,71,21,51,1.6363636363636365,1.9090909090909092,1.2167832167832169,0.6923076923076923,1.8531468531468531,3.125874125874126,0.3356643356643357,0.2517482517482518,0.46153846153846156,0.4405594405594406,0.5944055944055944,0.04895104895104895,0.4965034965034965,0.14685314685314685,0.35664335664335667,1.5580969807868237,0.5617566331198527,0.10751708968055451,0.0,0.0,10.0,1.6,0.4,1.6,1.5,1.1,2.6,0.5,0.1,0.4,0.6,0.2,0.3,0.6,0.8,0.1,1.3774834437086096,0.11258278145695383,1509.226305721058,-0.9612792603917605,2025-06-24
Gabon,1514.9174857834596,217,75,66,76,1.3410138248847927,1.1658986175115207,1.1152073732718895,0.05069124423963134,1.2211981566820276,2.28110599078341,0.3686635944700461,0.34101382488479265,0.4147465437788018,0.6175115207373272,0.6589861751152074,0.12442396313364056,0.3456221198156682,0.30414746543778803,0.35023041474654376,1.359946390963052,0.05801263641585317,0.06874417411732715,0.0,1.0,10.0,1.1,-0.1,1.5,1.8,1.9,3.7,0.3,0.2,0.5,0.3,0.2,0.6,0.3,0.6,0.1,0.9967213114754099,-0.14426229508196722,1560.4352708736733,-5.338761365628864,2026-03-30
Parishes of Jersey,1514.4339226049556,3,2,0,1,2.0,3.6666666666666665,1.3333333333333333,2.3333333333333335,3.0,5.0,0.0,0.3333333333333333,0.6666666666666666,0.3333333333333333,0.6666666666666666,0.0,0.6666666666666666,0.0,0.3333333333333333,2.025,2.3,4.811307534985255,1.0,1.0,3.0,2.0,2.3333333333333335,3.0,3.6666666666666665,1.3333333333333333,5.0,0.6666666666666666,0.0,0.3333333333333333,0.0,0.3333333333333333,0.6666666666666666,0.3333333333333333,0.6666666666666666,0.0,2.025,2.3,1499.6106262649676,4.811307534985255,2019-06-02
Chameria,1513.8512765188575,7,3,2,2,1.5714285714285714,2.0,1.1428571428571428,0.8571428571428571,1.7142857142857142,3.142857142857143,0.42857142857142855,0.2857142857142857,0.5714285714285714,0.2857142857142857,0.42857142857142855,0.2857142857142857,0.42857142857142855,0.2857142857142857,0.2857142857142857,1.5604395604395607,0.8021978021978023,1.9787537884082287,1.0,1.0,7.0,1.5714285714285714,0.8571428571428571,1.7142857142857142,2.0,1.1428571428571428,3.142857142857143,0.42857142857142855,0.2857142857142857,0.2857142857142857,0.42857142857142855,0.2857142857142857,0.5714285714285714,0.2857142857142857,0.42857142857142855,0.2857142857142857,1.5604395604395607,0.8021978021978023,1512.2806934656546,1.9787537884082287,2023-07-01
Maule Sur,1512.9348312897578,2,2,0,0,3.0,1.0,0.0,1.0,1.0,1.0,1.0,0.0,0.0,1.0,1.0,0.0,1.0,0.0,0.0,3.0,1.0,6.467415644878889,2.0,2.0,2.0,3.0,1.0,1.0,1.0,0.0,1.0,1.0,0.0,0.0,1.0,0.0,0.0,1.0,1.0,0.0,3.0,1.0,1496.316767752663,6.467415644878889,2022-06-19
Shetland,1511.4415198762704,37,14,8,15,1.3513513513513513,1.945945945945946,1.6756756756756757,0.2702702702702703,1.8918918918918919,3.6216216216216215,0.21621621621621623,0.2972972972972973,0.5945945945945946,0.2702702702702703,0.5135135135135135,0.10810810810810811,0.3783783783783784,0.21621621621621623,0.40540540540540543,1.369620253164556,0.29367088607594927,0.3092302669262288,0.0,0.0,10.0,1.1,-0.2,1.8,1.8,2.0,3.8,0.3,0.2,0.5,0.1,0.3,0.7,0.2,0.6,0.1,1.198019801980198,-0.009900990099009778,1550.5253210876422,0.12716845429694104,2025-07-17
Uganda,1511.0945870854234,326,133,94,99,1.5122699386503067,1.2239263803680982,0.950920245398773,0.27300613496932513,1.2730061349693251,2.1748466257668713,0.4325153374233129,0.34049079754601225,0.36809815950920244,0.6257668711656442,0.6748466257668712,0.1411042944785276,0.40797546012269936,0.2883435582822086,0.30368098159509205,1.520703181752149,0.2664535812872301,0.03403247572215945,0.0,0.0,10.0,1.4,-0.1,1.7,1.4,1.5,2.9,0.4,0.2,0.4,0.3,0.1,0.6,0.4,0.5,0.0,1.2448275862068963,-0.15172413793103462,1535.9461345610102,0.19848763089038127,2025-12-30
United Koreans in Japan,1509.8355643040131,12,3,6,3,1.25,1.6666666666666667,0.9166666666666666,0.75,1.75,2.5833333333333335,0.4166666666666667,0.3333333333333333,0.4166666666666667,0.6666666666666666,0.6666666666666666,0.16666666666666666,0.25,0.5,0.25,1.2739726027397262,0.8630136986301372,0.819630358667767,0.0,1.0,10.0,1.2,1.1,1.7,1.9,0.8,2.7,0.2,0.6,0.2,0.4,0.3,0.5,0.7,0.7,0.2,1.2295081967213115,1.2295081967213115,1492.7358272359063,1.2593881078110947,2018-06-09
Surrey,1509.0695998197468,1,1,0,0,3.0,3.0,1.0,2.0,2.0,4.0,0.0,0.0,1.0,0.0,0.0,0.0,1.0,0.0,0.0,2.9999999999999996,2.0,9.069599819746925,1.0,1.0,1.0,3.0,2.0,2.0,3.0,1.0,4.0,1.0,0.0,0.0,0.0,0.0,1.0,0.0,0.0,0.0,2.9999999999999996,2.0,1494.8261528281075,9.069599819746925,2018-05-06
Brittany,1508.6568383348454,5,3,0,2,1.8,1.2,1.0,0.2,1.4,2.2,0.2,0.4,0.4,0.6,0.6,0.0,0.6,0.0,0.4,1.8499999999999996,0.31666666666666665,1.7313676669690943,1.0,1.0,5.0,1.8,0.2,1.4,1.2,1.0,2.2,0.6,0.0,0.4,0.2,0.4,0.4,0.6,0.6,0.0,1.8499999999999996,0.31666666666666665,1505.2146605612138,1.7313676669690943,2013-05-28
Biafra,1506.450826426941,3,2,0,1,2.0,0.6666666666666666,0.3333333333333333,0.3333333333333333,1.0,1.0,0.6666666666666666,0.3333333333333333,0.0,1.0,1.0,0.0,0.6666666666666666,0.0,0.3333333333333333,2.0,0.3333333333333333,2.1502754756469744,2.0,2.0,3.0,2.0,0.3333333333333333,1.0,0.6666666666666666,0.3333333333333333,1.0,0.6666666666666666,0.0,0.3333333333333333,0.6666666666666666,0.3333333333333333,0.0,1.0,1.0,0.0,2.0,0.3333333333333333,1495.088243620877,2.1502754756469744,2022-05-25
Franconia,1505.1794839990953,3,2,0,1,2.0,2.6666666666666665,3.6666666666666665,-1.0,3.0,6.333333333333333,0.0,0.3333333333333333,0.6666666666666666,0.0,0.3333333333333333,0.0,0.6666666666666666,0.0,0.3333333333333333,2.4,1.268826313857322e-16,1.7264946663651308,1.0,1.0,3.0,2.0,-1.0,3.0,2.6666666666666665,3.6666666666666665,6.333333333333333,0.6666666666666666,0.0,0.3333333333333333,0.0,0.3333333333333333,0.6666666666666666,0.0,0.3333333333333333,0.0,2.4,1.268826313857322e-16,1440.2929030231837,1.7264946663651308,2019-06-25
Donetsk PR,1504.9669630305611,6,2,2,2,1.3333333333333333,1.3333333333333333,1.1666666666666667,0.16666666666666666,1.1666666666666667,2.5,0.16666666666666666,0.3333333333333333,0.6666666666666666,0.5,0.6666666666666666,0.16666666666666666,0.3333333333333333,0.3333333333333333,0.3333333333333333,1.3333333333333333,0.16666666666666666,0.8278271717601758,1.0,4.0,6.0,1.3333333333333333,0.16666666666666666,1.1666666666666667,1.3333333333333333,1.1666666666666667,2.5,0.3333333333333333,0.3333333333333333,0.3333333333333333,0.16666666666666666,0.3333333333333333,0.6666666666666666,0.5,0.6666666666666666,0.16666666666666666,1.3333333333333333,0.16666666666666666,1510.5098687240832,0.8278271717601758,2017-08-31
Kuwait,1504.425609884465,344,121,106,117,1.3633720930232558,1.4040697674418605,1.2238372093023255,0.18023255813953487,1.4534883720930232,2.627906976744186,0.29941860465116277,0.3226744186046512,0.4680232558139535,0.5581395348837209,0.6511627906976745,0.09011627906976744,0.35174418604651164,0.3081395348837209,0.34011627906976744,1.351580796252933,0.1855971896955514,0.012865145012978491,0.0,1.0,10.0,1.0,-0.7,1.3,1.5,2.2,3.7,0.2,0.4,0.4,0.1,0.2,0.7,0.3,0.5,0.0,0.9293478260869567,-0.9239130434782608,1624.976851609817,0.7259522301582004,2026-06-05
Western Armenia,1503.6328404220915,16,5,4,7,1.1875,2.125,1.25,0.875,2.75,3.375,0.4375,0.4375,0.25,0.4375,0.5625,0.125,0.3125,0.25,0.4375,1.1925133689839573,0.8823529411764707,0.22705252638072432,0.0,0.0,10.0,1.4,0.7,2.7,2.0,1.3,3.3,0.4,0.2,0.4,0.4,0.3,0.3,0.4,0.5,0.0,1.4173913043478263,0.7043478260869568,1507.8065771334295,0.909472558289924,2019-06-09
Silesia,1503.5577028836865,1,0,1,0,1.0,1.0,1.0,0.0,0.0,2.0,0.0,0.0,1.0,1.0,1.0,0.0,0.0,1.0,0.0,1.0,0.0,3.557702883686402,0.0,1.0,1.0,1.0,0.0,0.0,1.0,1.0,2.0,0.0,1.0,0.0,0.0,0.0,1.0,1.0,1.0,0.0,1.0,0.0,1657.0385298331682,3.557702883686402,2006-12-09
Kurdistan,1502.7446797997,2,1,1,0,2.0,2.0,1.0,1.0,1.0,3.0,0.0,0.0,1.0,0.5,0.5,0.0,0.5,0.5,0.0,2.0,1.0,1.3723398998500307,0.0,2.0,2.0,2.0,1.0,1.0,2.0,1.0,3.0,0.5,0.5,0.0,0.0,0.0,1.0,0.5,0.5,0.0,2.0,1.0,1409.0793200996266,1.3723398998500307,2012-05-19
Tahiti,1501.6007591255416,97,42,13,42,1.4329896907216495,1.9793814432989691,1.7422680412371134,0.23711340206185566,2.7731958762886597,3.7216494845360826,0.29896907216494845,0.35051546391752575,0.3917525773195876,0.4020618556701031,0.44329896907216493,0.041237113402061855,0.4329896907216495,0.13402061855670103,0.4329896907216495,1.356157112526537,-0.26698513800424595,0.01650267139733777,0.0,0.0,10.0,1.6,-0.2,2.2,1.2,1.4,2.6,0.5,0.1,0.4,0.4,0.4,0.2,0.5,0.3,0.0,1.544642857142857,-0.26785714285714285,1507.3339470057929,0.1336359158503626,2025-03-21
Crimea,1501.111838185716,5,3,0,2,1.8,1.4,2.2,-0.8,2.0,3.6,0.2,0.2,0.6,0.2,0.6,0.0,0.6,0.0,0.4,1.8000000000000003,-0.8000000000000002,0.22236763714319743,0.0,0.0,5.0,1.8,-0.8,2.0,1.4,2.2,3.6,0.6,0.0,0.4,0.2,0.2,0.6,0.2,0.6,0.0,1.8000000000000003,-0.8000000000000002,1499.3361548240923,0.22236763714319743,2006-11-25
Székely Land,1501.0372950670326,27,9,3,15,1.1111111111111112,2.074074074074074,2.074074074074074,0.0,2.5925925925925926,4.148148148148148,0.25925925925925924,0.25925925925925924,0.5185185185185185,0.14814814814814814,0.37037037037037035,0.037037037037037035,0.3333333333333333,0.1111111111111111,0.5555555555555556,1.2312500000000002,0.24375,0.03841833581601506,2.0,2.0,10.0,1.1,-0.1,2.5,2.1,2.2,4.3,0.3,0.2,0.5,0.3,0.3,0.5,0.1,0.5,0.1,1.3149606299212602,0.3700787401574803,1517.4032677508544,1.0300058546090214,2023-07-02
Gambia,1500.8176156951342,145,42,44,59,1.1724137931034482,1.0758620689655172,1.2620689655172415,-0.18620689655172415,1.1655172413793105,2.3379310344827586,0.2827586206896552,0.33793103448275863,0.4689655172413793,0.6137931034482759,0.7172413793103448,0.0896551724137931,0.2896551724137931,0.30344827586206896,0.4068965517241379,1.14818075117371,-0.18867370892018814,0.005638728931967785,0.0,0.0,10.0,1.4,0.6,1.8,2.2,1.6,3.8,0.4,0.2,0.4,0.2,0.1,0.7,0.3,0.5,0.0,1.5395348837209306,1.0186046511627909,1553.2074013709603,2.4570636512323363,2026-05-29
Mapuche,1500.7664644946738,2,1,0,1,1.5,1.5,1.0,0.5,1.5,2.5,0.0,0.5,0.5,0.5,0.5,0.0,0.5,0.0,0.5,1.5,0.5,0.38323224733683015,1.0,1.0,2.0,1.5,0.5,1.5,1.5,1.0,2.5,0.5,0.0,0.5,0.0,0.5,0.5,0.5,0.5,0.0,1.5,0.5,1500.0,0.38323224733683015,2022-06-18
Canary Islands,1500.1170012906778,2,1,0,1,1.5,1.0,1.0,0.0,2.0,2.0,0.5,0.5,0.0,1.0,0.0,0.0,0.5,0.0,0.5,1.4999999999999998,0.0,0.05850064533883703,1.0,1.0,2.0,1.5,0.0,2.0,1.0,1.0,2.0,0.5,0.0,0.5,0.5,0.5,0.0,1.0,0.0,0.0,1.4999999999999998,0.0,1497.5435415533734,0.05850064533883703,2007-12-29
Republic of St. Pauli,1500.095652025103,4,1,1,2,1.0,2.5,1.25,1.25,2.25,3.75,0.25,0.0,0.75,0.25,0.75,0.0,0.25,0.25,0.5,1.0,1.2499999999999998,0.023913006275695148,0.0,0.0,4.0,1.0,1.25,2.25,2.5,1.25,3.75,0.25,0.25,0.5,0.25,0.0,0.75,0.25,0.75,0.0,1.0,1.2499999999999998,1505.429032730381,0.023913006275695148,2006-06-03
Dominican Republic,1499.9888240650155,125,53,18,54,1.416,1.848,1.448,0.4,2.24,3.296,0.344,0.288,0.424,0.376,0.456,0.056,0.424,0.144,0.432,1.4234042553191484,0.5180851063829783,-8.940747987294984e-05,0.0,0.0,10.0,0.7,-0.6,1.0,1.0,1.6,2.6,0.1,0.4,0.5,0.3,0.4,0.5,0.5,0.7,0.2,0.6017699115044246,-0.5840707964601768,1624.8301038699258,-2.0384812734977156,2026-06-03
Délvidék,1499.7779652202978,2,1,0,1,1.5,2.0,1.5,0.5,1.5,3.5,0.0,0.0,1.0,0.0,0.5,0.0,0.5,0.0,0.5,1.4999999999999998,0.5,-0.11101738985117082,0.0,0.0,2.0,1.5,0.5,1.5,2.0,1.5,3.5,0.5,0.0,0.5,0.0,0.0,1.0,0.0,0.5,0.0,1.4999999999999998,0.5,1479.5114539573492,-0.11101738985117082,2016-08-03
Saugeais,1499.3074854712524,1,0,1,0,1.0,1.0,1.0,0.0,0.0,2.0,0.0,0.0,1.0,1.0,1.0,0.0,0.0,1.0,0.0,1.0,0.0,-0.6925145287475732,0.0,1.0,1.0,1.0,0.0,0.0,1.0,1.0,2.0,0.0,1.0,0.0,0.0,0.0,1.0,1.0,1.0,0.0,1.0,0.0,1471.2914844274724,-0.6925145287475732,2013-06-29
Benin,1499.0557351256766,196,59,51,86,1.163265306122449,1.0918367346938775,1.4795918367346939,-0.3877551020408163,1.346938775510204,2.5714285714285716,0.27040816326530615,0.2857142857142857,0.5,0.5561224489795918,0.6479591836734694,0.05612244897959184,0.3010204081632653,0.2602040816326531,0.4387755102040816,1.1598653765250344,-0.3792595708876748,-0.00481767793021705,0.0,0.0,10.0,1.0,-1.4,2.0,0.6,2.0,2.6,0.3,0.1,0.6,0.3,0.4,0.3,0.5,0.5,0.0,0.7203065134099618,-1.6091954022988506,1587.3034283316736,-5.102403746612248,2026-06-09
Nicaragua,1497.758099695906,162,47,26,89,1.0308641975308641,1.154320987654321,1.7654320987654322,-0.6111111111111112,2.006172839506173,2.919753086419753,0.24074074074074073,0.4074074074074074,0.38271604938271603,0.5061728395061729,0.4444444444444444,0.030864197530864196,0.29012345679012347,0.16049382716049382,0.5493827160493827,1.0757078986587183,-0.5251862891207153,-0.013838890766021142,0.0,0.0,10.0,0.5,-1.7,2.1,0.5,2.2,2.7,0.1,0.2,0.7,0.2,0.6,0.3,0.5,0.2,0.1,0.5306122448979593,-1.6448979591836739,1704.1124396812418,-2.5026375776145064,2026-06-05
Felvidék,1493.7160006563508,10,4,2,4,1.4,1.1,1.6,-0.5,1.7,2.7,0.2,0.3,0.5,0.6,0.5,0.0,0.4,0.2,0.4,1.3529411764705883,-0.5784313725490194,-0.6283999343649105,1.0,1.0,10.0,1.4,-0.5,1.7,1.1,1.6,2.7,0.4,0.2,0.4,0.2,0.3,0.5,0.6,0.5,0.0,1.3529411764705883,-0.5784313725490194,1507.7677213597453,-0.6283999343649105,2017-06-09
Yoruba Nation,1493.068250410423,2,0,1,1,0.5,0.5,1.0,-0.5,0.5,1.5,0.0,0.5,0.5,1.0,1.0,0.0,0.0,0.5,0.5,0.5,-0.5,-3.4658747947885775,0.0,0.0,2.0,0.5,-0.5,0.5,0.5,1.0,1.5,0.0,0.5,0.5,0.0,0.5,0.5,1.0,1.0,0.0,0.5,-0.5,1491.1626581086991,-3.4658747947885775,2022-05-23
Madrid,1493.0534450374732,1,0,0,1,0.0,1.0,2.0,-1.0,1.0,3.0,0.0,0.0,1.0,0.0,1.0,0.0,0.0,0.0,1.0,0.0,-1.0,-6.946554962526695,0.0,0.0,1.0,0.0,-1.0,1.0,1.0,2.0,3.0,0.0,0.0,1.0,0.0,0.0,1.0,0.0,1.0,0.0,0.0,-1.0,1560.7274488589987,-6.946554962526695,2013-06-07
Western Sahara,1492.5895888985199,2,0,1,1,0.5,1.5,2.0,-0.5,0.5,3.5,0.0,0.0,1.0,0.0,1.0,0.0,0.0,0.5,0.5,0.5,-0.5,-3.7052055507400676,0.0,0.0,2.0,0.5,-0.5,0.5,1.5,2.0,3.5,0.0,0.5,0.5,0.0,0.0,1.0,0.0,1.0,0.0,0.5,-0.5,1520.6207124162147,-3.7052055507400676,2011-02-27
Belarus,1492.1185699606165,254,83,63,108,1.2283464566929134,1.1771653543307086,1.421259842519685,-0.2440944881889764,1.4409448818897639,2.5984251968503935,0.2755905511811024,0.3661417322834646,0.46062992125984253,0.531496062992126,0.6023622047244095,0.10236220472440945,0.32677165354330706,0.24803149606299213,0.4251968503937008,1.1287553648068687,-0.39109442060085897,-0.031029252123552994,0.0,6.0,10.0,1.2,-0.8,1.8,1.3,2.1,3.4,0.3,0.3,0.4,0.2,0.3,0.6,0.3,0.6,0.1,0.8608695652173914,-1.3347826086956525,1650.1731051837767,2.907050178431027,2026-06-09
Cilento,1492.0653389350439,1,0,0,1,0.0,0.0,2.0,-2.0,2.0,2.0,0.0,1.0,0.0,1.0,0.0,0.0,0.0,0.0,1.0,0.0,-2.0,-7.934661064956006,0.0,0.0,1.0,0.0,-2.0,2.0,0.0,2.0,2.0,0.0,0.0,1.0,0.0,1.0,0.0,1.0,0.0,0.0,0.0,-2.0,1543.075776684666,-7.934661064956006,2011-12-29
Seborga,1492.0205240139214,1,0,0,1,0.0,2.0,3.0,-1.0,1.0,5.0,0.0,0.0,1.0,0.0,1.0,0.0,0.0,0.0,1.0,0.0,-1.0,-7.979475986078675,0.0,0.0,1.0,0.0,-1.0,1.0,2.0,3.0,5.0,0.0,0.0,1.0,0.0,0.0,1.0,0.0,1.0,0.0,0.0,-1.0,1517.4080058395768,-7.979475986078675,2014-08-10
Ambazonia,1490.2391820222983,2,0,1,1,0.5,1.5,2.5,-1.0,1.0,4.0,0.0,0.0,1.0,0.0,0.5,0.0,0.0,0.5,0.5,0.5,-1.0,-4.880408988850801,0.0,0.0,2.0,0.5,-1.0,1.0,1.5,2.5,4.0,0.0,0.5,0.5,0.0,0.0,1.0,0.0,0.5,0.0,0.5,-1.0,1488.6224744906203,-4.880408988850801,2007-06-07
Åland Islands,1490.2094073363526,31,11,7,13,1.2903225806451613,1.3548387096774193,1.6129032258064515,-0.25806451612903225,1.2903225806451613,2.967741935483871,0.16129032258064516,0.25806451612903225,0.6451612903225806,0.45161290322580644,0.5806451612903226,0.06451612903225806,0.3548387096774194,0.22580645161290322,0.41935483870967744,1.287790697674418,-0.255813953488372,-0.31582556979509185,0.0,1.0,10.0,1.0,-0.6,1.2,0.8,1.4,2.2,0.2,0.4,0.4,0.3,0.4,0.5,0.7,0.5,0.2,1.0000000000000002,-0.6000000000000002,1510.0374625911886,-1.386449975086786,2023-07-13
Matabeleland,1489.6087844172428,8,3,2,3,1.375,0.875,1.75,-0.875,1.875,2.625,0.375,0.375,0.375,0.625,0.625,0.125,0.375,0.25,0.375,1.3763440860215055,-0.9032258064516131,-1.2989019478446098,0.0,0.0,8.0,1.375,-0.875,1.875,0.875,1.75,2.625,0.375,0.25,0.375,0.375,0.375,0.375,0.625,0.625,0.125,1.3763440860215055,-0.9032258064516131,1484.86050783383,-1.2989019478446098,2022-05-25
Zanzibar,1489.4222434111641,77,24,25,28,1.2597402597402598,1.051948051948052,1.3116883116883118,-0.2597402597402597,1.2467532467532467,2.3636363636363638,0.3116883116883117,0.42857142857142855,0.42857142857142855,0.4935064935064935,0.6883116883116883,0.16883116883116883,0.3116883116883117,0.3246753246753247,0.36363636363636365,1.2373271889400907,-0.2695852534562208,-0.13737346219267177,2.0,2.0,10.0,2.0,0.5,0.9,1.3,0.8,2.1,0.6,0.2,0.2,0.3,0.3,0.5,0.5,0.9,0.1,1.9567901234567904,0.5,1521.7070613734356,5.402233129677659,2025-01-13
Greenland,1488.6712297360814,45,18,8,19,1.3777777777777778,2.1777777777777776,1.7777777777777777,0.4,2.533333333333333,3.9555555555555557,0.3111111111111111,0.26666666666666666,0.4666666666666667,0.3333333333333333,0.4888888888888889,0.044444444444444446,0.4,0.17777777777777778,0.4222222222222222,1.4024640657084178,0.4147843942505132,-0.2517504503093121,0.0,0.0,10.0,1.5,-0.8,2.2,1.4,2.2,3.6,0.4,0.3,0.3,0.3,0.2,0.5,0.3,0.5,0.0,1.4601769911504425,-0.9115044247787613,1480.3661757617422,-1.6291411563586262,2024-06-01
Luhansk PR,1487.9692094871402,6,2,1,3,1.1666666666666667,1.5,2.0,-0.5,1.5,3.5,0.0,0.3333333333333333,0.6666666666666666,0.5,0.5,0.0,0.3333333333333333,0.16666666666666666,0.5,1.1666666666666665,-0.4999999999999999,-2.0051317521433227,1.0,1.0,6.0,1.1666666666666667,-0.5,1.5,1.5,2.0,3.5,0.3333333333333333,0.16666666666666666,0.5,0.0,0.3333333333333333,0.6666666666666666,0.5,0.5,0.0,1.1666666666666665,-0.4999999999999999,1489.2602788575225,-2.0051317521433227,2019-12-08
Hmong,1487.9290651245499,3,1,0,2,1.0,2.0,3.3333333333333335,-1.3333333333333333,2.0,5.333333333333333,0.0,0.3333333333333333,0.6666666666666666,0.0,0.3333333333333333,0.0,0.3333333333333333,0.0,0.6666666666666666,1.0,-1.3333333333333333,-4.023644958483327,0.0,0.0,3.0,1.0,-1.3333333333333333,2.0,2.0,3.3333333333333335,5.333333333333333,0.3333333333333333,0.0,0.6666666666666666,0.0,0.3333333333333333,0.6666666666666666,0.0,0.3333333333333333,0.0,1.0,-1.3333333333333333,1455.8193569560808,-4.023644958483327,2023-08-08
Kyrgyzstan,1486.6698265100915,166,53,29,84,1.1325301204819278,1.1746987951807228,1.5783132530120483,-0.4036144578313253,1.6204819277108433,2.753012048192771,0.2469879518072289,0.37349397590361444,0.43373493975903615,0.5240963855421686,0.6024096385542169,0.05421686746987952,0.3192771084337349,0.1746987951807229,0.5060240963855421,1.1595505617977535,-0.3185393258426972,-0.0803022499392106,0.0,2.0,10.0,0.7,-0.7,1.1,1.0,1.7,2.7,0.1,0.4,0.5,0.2,0.5,0.5,0.5,0.7,0.2,0.7521739130434785,-0.6217391304347828,1617.872674285623,-0.5823207181752339,2026-06-09
East Turkestan,1486.4007030938683,5,2,0,3,1.2,3.0,3.2,-0.2,3.4,6.2,0.0,0.4,0.6,0.0,0.2,0.0,0.4,0.0,0.6,1.1538461538461537,-0.2153846153846157,-2.719859381226299,0.0,0.0,5.0,1.2,-0.2,3.4,3.0,3.2,6.2,0.4,0.0,0.6,0.0,0.4,0.6,0.0,0.2,0.0,1.1538461538461537,-0.2153846153846157,1471.8690401465549,-2.719859381226299,2025-07-04
Aymara,1486.2987042155685,2,0,0,2,0.0,0.5,2.0,-1.5,1.5,2.5,0.0,0.5,0.5,0.5,0.5,0.0,0.0,0.0,1.0,0.0,-1.5,-6.850647892215719,0.0,0.0,2.0,0.0,-1.5,1.5,0.5,2.0,2.5,0.0,0.0,1.0,0.0,0.5,0.5,0.5,0.5,0.0,0.0,-1.5,1500.0,-6.850647892215719,2022-06-19
Somaliland,1485.1990800033443,6,2,1,3,1.1666666666666667,2.3333333333333335,3.3333333333333335,-1.0,3.6666666666666665,5.666666666666667,0.16666666666666666,0.3333333333333333,0.5,0.0,0.3333333333333333,0.0,0.3333333333333333,0.16666666666666666,0.5,1.131578947368421,-1.0526315789473684,-2.4668199994425972,0.0,0.0,6.0,1.1666666666666667,-1.0,3.6666666666666665,2.3333333333333335,3.3333333333333335,5.666666666666667,0.3333333333333333,0.16666666666666666,0.5,0.16666666666666666,0.3333333333333333,0.5,0.0,0.3333333333333333,0.0,1.131578947368421,-1.0526315789473684,1498.0636830654448,-2.4668199994425972,2019-05-04
Comoros,1484.4188886193795,137,34,34,69,0.9927007299270073,0.9197080291970803,1.5036496350364963,-0.583941605839416,1.4014598540145986,2.423357664233577,0.24087591240875914,0.4306569343065693,0.40875912408759124,0.5693430656934306,0.6204379562043796,0.08029197080291971,0.24817518248175183,0.24817518248175183,0.5036496350364964,0.9636070853462153,-0.6296296296296304,-0.11373074000453547,1.0,1.0,10.0,0.7,-0.7,0.9,0.8,1.5,2.3,0.1,0.4,0.5,0.4,0.5,0.4,0.6,0.7,0.3,0.640926640926641,-0.7451737451737452,1593.8879309617055,-0.9573283635103593,2026-06-09
Gotland,1484.2604261477754,25,8,3,14,1.08,2.16,1.8,0.36,2.04,3.96,0.24,0.2,0.64,0.2,0.52,0.08,0.32,0.12,0.56,1.0799999999999996,0.35999999999999993,-0.6295829540889774,0.0,0.0,10.0,0.9,1.0,2.8,2.9,1.9,4.8,0.3,0.0,0.7,0.1,0.2,0.7,0.1,0.6,0.0,0.9000000000000001,1.0000000000000002,1494.824209883769,-0.9951816302850063,2017-06-29
Guyana,1482.6197347129641,150,64,25,61,1.4466666666666668,1.6533333333333333,1.56,0.09333333333333334,1.8666666666666667,3.2133333333333334,0.26,0.3,0.4866666666666667,0.4,0.5066666666666667,0.04666666666666667,0.4266666666666667,0.16666666666666666,0.4066666666666667,1.41933478396021,0.002486788933789277,-0.11586843524691742,5.0,5.0,10.0,2.4,1.4,2.0,2.6,1.2,3.8,0.8,0.0,0.2,0.2,0.2,0.6,0.3,0.3,0.0,2.269911504424778,1.2831858407079642,1363.0486459625183,4.9865743821858795,2026-03-30
Găgăuzia,1482.1448735509398,3,0,1,2,0.3333333333333333,0.6666666666666666,3.0,-2.3333333333333335,2.3333333333333335,3.6666666666666665,0.0,0.3333333333333333,0.6666666666666666,0.6666666666666666,0.3333333333333333,0.0,0.0,0.3333333333333333,0.6666666666666666,0.3333333333333333,-2.333333333333333,-5.951708816353402,0.0,1.0,3.0,0.3333333333333333,-2.3333333333333335,2.3333333333333335,0.6666666666666666,3.0,3.6666666666666665,0.0,0.3333333333333333,0.6666666666666666,0.0,0.3333333333333333,0.6666666666666666,0.6666666666666666,0.3333333333333333,0.0,0.3333333333333333,-2.333333333333333,1453.7475868436989,-5.951708816353402,2006-11-21
Marshall Islands,1482.0793910865184,2,0,0,2,0.0,1.0,3.5,-2.5,2.5,4.5,0.0,0.5,0.5,0.0,0.5,0.0,0.0,0.0,1.0,0.0,-2.5,-8.960304456740857,0.0,0.0,2.0,0.0,-2.5,2.5,1.0,3.5,4.5,0.0,0.0,1.0,0.0,0.5,0.5,0.0,0.5,0.0,0.0,-2.5,1088.2999084552403,-8.960304456740857,2025-08-16
Kabylia,1481.497095379385,6,1,2,3,0.8333333333333334,1.3333333333333333,2.5,-1.1666666666666667,3.5,3.8333333333333335,0.3333333333333333,0.8333333333333334,0.16666666666666666,0.5,0.3333333333333333,0.3333333333333333,0.16666666666666666,0.3333333333333333,0.5,0.8333333333333333,-1.1666666666666665,-3.0838174367691864,0.0,0.0,6.0,0.8333333333333334,-1.1666666666666667,3.5,1.3333333333333333,2.5,3.8333333333333335,0.16666666666666666,0.3333333333333333,0.5,0.3333333333333333,0.8333333333333334,0.16666666666666666,0.5,0.3333333333333333,0.3333333333333333,0.8333333333333333,-1.1666666666666665,1500.3474135698132,-3.0838174367691864,2018-06-09
West Papua,1481.4878707852736,2,0,1,1,0.5,1.5,4.5,-3.0,3.0,6.0,0.0,0.0,1.0,0.5,0.5,0.0,0.0,0.5,0.5,0.5,-2.9999999999999996,-9.256064607363259,0.0,1.0,2.0,0.5,-3.0,3.0,1.5,4.5,6.0,0.0,0.5,0.5,0.0,0.0,1.0,0.5,0.5,0.0,0.5,-2.9999999999999996,1445.9876939598014,-9.256064607363259,2022-11-13
El Salvador,1480.583573528604,310,96,73,141,1.164516129032258,1.096774193548387,1.364516129032258,-0.267741935483871,1.5258064516129033,2.4612903225806453,0.2870967741935484,0.4258064516129032,0.3774193548387097,0.5741935483870968,0.5935483870967742,0.09032258064516129,0.3096774193548387,0.23548387096774193,0.45483870967741935,1.2155282138311438,-0.16829302786027478,-0.06263363377869656,0.0,1.0,10.0,0.8,-0.9,1.3,0.5,1.4,1.9,0.2,0.2,0.6,0.3,0.6,0.2,0.6,0.8,0.1,0.7051282051282052,-1.1068376068376067,1640.0362245596057,-2.4526076637295575,2026-06-06
Ryūkyū,1480.2737887593555,1,0,0,1,0.0,0.0,9.0,-9.0,9.0,9.0,0.0,1.0,0.0,0.0,0.0,0.0,0.0,0.0,1.0,0.0,-9.0,-19.726211240644457,0.0,0.0,1.0,0.0,-9.0,9.0,0.0,9.0,9.0,0.0,0.0,1.0,0.0,1.0,0.0,0.0,0.0,0.0,0.0,-9.0,1491.7654454286585,-19.726211240644457,2016-11-26
Madagascar,1479.7635494215228,194,58,51,85,1.1597938144329898,1.0876288659793814,1.4123711340206186,-0.3247422680412371,1.3969072164948453,2.5,0.26804123711340205,0.4020618556701031,0.422680412371134,0.5670103092783505,0.6134020618556701,0.09278350515463918,0.29896907216494845,0.26288659793814434,0.4381443298969072,1.1468200270636015,-0.3836265223274708,-0.10431160091998361,0.0,0.0,10.0,1.6,-0.2,2.2,1.7,1.9,3.6,0.5,0.1,0.4,0.2,0.2,0.6,0.3,0.2,0.0,1.6697674418604653,-0.2,1544.2634915336596,3.798963974226541,2026-06-02
Mozambique,1478.9313680883502,234,77,64,93,1.2606837606837606,0.9615384615384616,1.170940170940171,-0.2094017094017094,1.2521367521367521,2.1324786324786325,0.3504273504273504,0.3974358974358974,0.358974358974359,0.6495726495726496,0.6794871794871795,0.10683760683760683,0.32905982905982906,0.27350427350427353,0.3974358974358974,1.2435125987213276,-0.2643851071831525,-0.09003688851132577,0.0,0.0,10.0,1.0,-0.5,1.3,1.0,1.5,2.5,0.3,0.1,0.6,0.2,0.4,0.4,0.5,0.8,0.0,1.0491803278688525,-0.6229508196721312,1549.9988985141486,-1.821756670162641,2026-06-09
Tajikistan,1477.7393253619766,174,69,37,68,1.4022988505747127,1.4770114942528736,1.3218390804597702,0.15517241379310345,1.8563218390804597,2.7988505747126435,0.3793103448275862,0.3275862068965517,0.3793103448275862,0.4827586206896552,0.5632183908045977,0.08620689655172414,0.39655172413793105,0.21264367816091953,0.39080459770114945,1.421363392377887,0.23161567364465965,-0.12793491171277943,0.0,8.0,10.0,2.3,1.1,2.1,2.2,1.1,3.3,0.7,0.2,0.1,0.4,0.1,0.5,0.3,0.4,0.0,2.3951219512195125,1.4487804878048784,1242.9647924700012,0.7667545419589021,2026-06-09
South Ossetia,1477.5550323894654,17,5,3,9,1.0588235294117647,2.0588235294117645,2.176470588235294,-0.11764705882352941,2.9411764705882355,4.235294117647059,0.29411764705882354,0.35294117647058826,0.47058823529411764,0.29411764705882354,0.47058823529411764,0.11764705882352941,0.29411764705882354,0.17647058823529413,0.5294117647058824,1.0497512437810945,-0.08457711442786058,-1.3202922123843814,0.0,0.0,10.0,1.4,-0.9,1.9,1.3,2.2,3.5,0.4,0.2,0.4,0.3,0.3,0.5,0.4,0.6,0.1,1.4051724137931036,-0.827586206896552,1511.9569750220035,0.07946758126710626,2019-12-08
North Korea,1475.4694192401096,230,82,69,79,1.3695652173913044,1.4565217391304348,1.173913043478261,0.2826086956521739,1.5695652173913044,2.630434782608696,0.3695652173913043,0.3347826086956522,0.41739130434782606,0.5869565217391305,0.6304347826086957,0.12173913043478261,0.3565217391304348,0.3,0.34347826086956523,1.3161124307205108,0.1241092636579576,-0.10665469895605109,0.0,0.0,10.0,0.4,-1.1,1.1,1.0,2.1,3.1,0.0,0.4,0.6,0.0,0.3,0.7,0.4,0.8,0.0,0.3672727272727273,-1.16,1694.531086407999,-3.3696501993421655,2025-06-10
Martinique,1475.094738902535,156,62,43,51,1.4679487179487178,1.5384615384615385,1.2564102564102564,0.28205128205128205,1.5,2.7948717948717947,0.34615384615384615,0.2948717948717949,0.4551282051282051,0.5064102564102564,0.6217948717948718,0.09615384615384616,0.3974358974358974,0.27564102564102566,0.3269230769230769,1.3801652892561955,0.10596221959858299,-0.1596491095991375,0.0,0.0,10.0,0.7,-0.6,0.8,0.6,1.2,1.8,0.1,0.4,0.5,0.3,0.6,0.3,0.7,0.8,0.2,0.7363636363636362,-0.5727272727272726,1494.0420481676526,-5.492673088944471,2026-03-29
Bulgaria,1473.8075416403024,249,88,66,95,1.3253012048192772,1.1847389558232932,1.357429718875502,-0.17269076305220885,1.4337349397590362,2.5421686746987953,0.2931726907630522,0.3293172690763052,0.4538152610441767,0.5582329317269076,0.6345381526104418,0.07630522088353414,0.3534136546184739,0.26506024096385544,0.3815261044176707,1.2746902654867271,-0.2615929203539826,-0.10519059582208208,0.0,1.0,10.0,1.0,-0.8,2.8,1.6,2.4,4.0,0.3,0.1,0.6,0.1,0.5,0.4,0.3,0.4,0.0,0.8043478260869567,-1.5304347826086961,1682.0874802034264,1.9610605772331418,2026-06-05
Togo,1472.3839804440097,226,73,59,94,1.2300884955752212,1.0707964601769913,1.2831858407079646,-0.21238938053097345,1.345132743362832,2.353982300884956,0.3141592920353982,0.3584070796460177,0.40707964601769914,0.6017699115044248,0.6371681415929203,0.07964601769911504,0.3230088495575221,0.2610619469026549,0.415929203539823,1.1764171511627939,-0.24291424418604737,-0.12219477679640886,1.0,5.0,10.0,1.3,0.1,1.1,1.2,1.1,2.3,0.3,0.4,0.3,0.3,0.4,0.4,0.7,0.7,0.1,1.0601851851851853,-0.24537037037037046,1503.594982248511,-0.5513226342982653,2026-06-09
Montenegro,1471.5215593017206,167,57,41,69,1.2694610778443114,1.1916167664670658,1.3532934131736527,-0.16167664670658682,1.407185628742515,2.5449101796407185,0.32934131736526945,0.32934131736526945,0.437125748502994,0.5389221556886228,0.5988023952095808,0.09580838323353294,0.3413173652694611,0.24550898203592814,0.41317365269461076,1.239906832298138,-0.19616977225672907,-0.17052958501962856,0.0,2.0,10.0,1.3,-0.7,1.7,1.3,2.0,3.3,0.4,0.1,0.5,0.2,0.3,0.5,0.3,0.6,0.0,1.0558139534883721,-1.1534883720930236,1479.251962725247,-3.9777538377399226,2026-06-05
Kenya,1470.8924968146137,296,99,89,108,1.304054054054054,1.114864864864865,1.114864864864865,0.0,1.1824324324324325,2.22972972972973,0.3310810810810811,0.34459459459459457,0.4358108108108108,0.6013513513513513,0.7297297297297297,0.11148648648648649,0.3344594594594595,0.30067567567567566,0.36486486486486486,1.3016184404119726,-0.00506784371423903,-0.09833615941009138,0.0,3.0,10.0,1.5,-0.3,2.3,1.4,1.7,3.1,0.4,0.3,0.3,0.4,0.3,0.4,0.4,0.5,0.1,1.5,-0.13499999999999998,1423.7731293145002,-0.7214079517816275,2026-06-04
Romani people,1470.4828681533822,7,2,0,5,0.8571428571428571,1.8571428571428572,3.7142857142857144,-1.8571428571428572,3.0,5.571428571428571,0.0,0.14285714285714285,0.8571428571428571,0.14285714285714285,0.14285714285714285,0.0,0.2857142857142857,0.0,0.7142857142857143,0.8823529411764706,-1.9647058823529415,-4.216733120945343,0.0,0.0,7.0,0.8571428571428571,-1.8571428571428572,3.0,1.8571428571428572,3.7142857142857144,5.571428571428571,0.2857142857142857,0.0,0.7142857142857143,0.0,0.14285714285714285,0.8571428571428571,0.14285714285714285,0.14285714285714285,0.0,0.8823529411764706,-1.9647058823529415,1513.3011754977908,-4.216733120945343,2016-05-16
Niger,1469.6593193366555,159,36,38,85,0.9182389937106918,0.9433962264150944,1.5849056603773586,-0.6415094339622641,1.509433962264151,2.5283018867924527,0.20125786163522014,0.4528301886792453,0.42138364779874216,0.5849056603773585,0.5849056603773585,0.07547169811320754,0.22641509433962265,0.2389937106918239,0.5345911949685535,0.8967045139850472,-0.7169759069509845,-0.1908218909644278,0.0,0.0,10.0,1.2,-0.4,1.2,0.9,1.3,2.2,0.3,0.3,0.4,0.3,0.4,0.4,0.7,0.8,0.1,1.5913978494623655,-0.3440860215053764,1541.343783178747,3.82559723704977,2026-06-08
Hitra,1467.778342887411,15,5,1,9,1.0666666666666667,2.066666666666667,2.933333333333333,-0.8666666666666667,3.0,5.0,0.13333333333333333,0.06666666666666667,0.8,0.06666666666666667,0.26666666666666666,0.0,0.3333333333333333,0.06666666666666667,0.6,1.0705128205128207,-0.8012820512820515,-2.1481104741725945,2.0,2.0,10.0,1.3,-0.6,3.0,2.3,2.9,5.2,0.4,0.1,0.5,0.2,0.0,0.8,0.1,0.3,0.0,1.326732673267327,-0.47524752475247534,1472.7455722844666,-0.7158630143611487,2025-07-17
Sápmi,1466.0177346108612,16,5,0,11,0.9375,1.5,2.0625,-0.5625,2.0625,3.5625,0.125,0.375,0.5,0.25,0.5625,0.0,0.3125,0.0,0.6875,0.9076923076923077,-0.5487179487179488,-2.123891586821185,0.0,0.0,10.0,0.9,-0.9,1.9,1.1,2.0,3.1,0.3,0.0,0.7,0.1,0.5,0.4,0.3,0.6,0.0,0.8677685950413223,-0.8677685950413225,1526.3538635805292,-2.5097508484790527,2023-07-16
Western Isles,1465.5629450954596,34,13,4,17,1.2647058823529411,1.5,2.264705882352941,-0.7647058823529411,2.176470588235294,3.764705882352941,0.11764705882352941,0.4117647058823529,0.5,0.3235294117647059,0.5882352941176471,0.029411764705882353,0.38235294117647056,0.11764705882352941,0.5,1.2817679558011044,-0.7237569060773481,-1.0128545560159072,0.0,1.0,10.0,1.0,-0.8,1.6,1.1,1.9,3.0,0.3,0.1,0.6,0.1,0.4,0.5,0.4,0.8,0.0,1.0306122448979596,-0.6530612244897959,1538.3188316286612,-0.5224072094639645,2025-07-17
Two Sicilies,1465.206849741713,2,0,0,2,0.0,0.5,5.0,-4.5,4.5,5.5,0.0,0.5,0.5,0.0,0.0,0.0,0.0,0.0,1.0,0.0,-4.5,-17.39657512914349,0.0,0.0,2.0,0.0,-4.5,4.5,0.5,5.0,5.5,0.0,0.0,1.0,0.0,0.5,0.5,0.0,0.0,0.0,0.0,-4.5,1490.0477106638016,-17.39657512914349,2023-07-02
Vanuatu,1464.629486609692,112,45,15,52,1.3392857142857142,2.107142857142857,1.7232142857142858,0.38392857142857145,2.6517857142857144,3.830357142857143,0.26785714285714285,0.30357142857142855,0.4732142857142857,0.36607142857142855,0.49107142857142855,0.044642857142857144,0.4017857142857143,0.13392857142857142,0.4642857142857143,1.2892376681614328,0.12892376681614326,-0.31580815527061146,1.0,4.0,10.0,1.4,-0.6,2.0,1.6,2.2,3.8,0.4,0.2,0.4,0.1,0.1,0.8,0.3,0.5,0.0,1.2994011976047908,-1.0239520958083839,1492.2752334325583,-0.5572452165646682,2026-06-06
Monaco,1463.3752724830385,20,6,6,8,1.2,1.7,2.55,-0.85,2.75,4.25,0.25,0.3,0.6,0.3,0.55,0.15,0.3,0.3,0.4,1.2000000000000002,-0.8500000000000003,-1.8312363758480845,0.0,2.0,10.0,1.1,-1.6,2.6,1.3,2.9,4.2,0.3,0.2,0.5,0.3,0.2,0.6,0.3,0.5,0.1,1.0999999999999999,-1.5999999999999996,1488.1669990950263,-3.3464488863152746,2017-04-29
Fiji,1459.3183687073583,126,58,26,42,1.5873015873015872,2.3968253968253967,1.2698412698412698,1.126984126984127,2.5238095238095237,3.6666666666666665,0.3492063492063492,0.24603174603174602,0.4603174603174603,0.42063492063492064,0.5238095238095238,0.05555555555555555,0.4603174603174603,0.20634920634920634,0.3333333333333333,1.5096711798839424,0.9690522243713707,-0.3228700896241399,0.0,0.0,10.0,0.6,-2.1,2.5,0.7,2.8,3.5,0.1,0.3,0.6,0.0,0.5,0.5,0.5,0.4,0.0,0.5217391304347827,-2.6459627329192554,1492.077733487116,-8.116312896367965,2026-06-06
Rwanda,1458.8413216889978,248,81,62,105,1.2298387096774193,1.0524193548387097,1.1733870967741935,-0.12096774193548387,1.3629032258064515,2.225806451612903,0.32661290322580644,0.41935483870967744,0.3629032258064516,0.6209677419354839,0.6290322580645161,0.10887096774193548,0.32661290322580644,0.25,0.42338709677419356,1.1816337820394662,-0.1753641895629732,-0.1659624125443683,2.0,2.0,10.0,1.0,-0.4,1.8,0.8,1.2,2.0,0.3,0.1,0.6,0.3,0.6,0.1,0.8,0.4,0.0,0.8695652173913044,-0.6347826086956522,1560.8916717956567,-1.5050721889523146,2026-03-30
Chechnya,1457.3525748490965,3,0,1,2,0.3333333333333333,1.0,9.666666666666666,-8.666666666666666,8.666666666666666,10.666666666666666,0.0,0.3333333333333333,0.6666666666666666,0.0,0.3333333333333333,0.0,0.0,0.3333333333333333,0.6666666666666666,0.33333333333333337,-8.666666666666666,-14.215808383634483,0.0,0.0,3.0,0.3333333333333333,-8.666666666666666,8.666666666666666,1.0,9.666666666666666,10.666666666666666,0.0,0.3333333333333333,0.6666666666666666,0.0,0.3333333333333333,0.6666666666666666,0.0,0.3333333333333333,0.0,0.33333333333333337,-8.666666666666666,1497.7163190758072,-14.215808383634483,2006-02-18
Ticino,1457.120910876921,2,0,0,2,0.0,1.0,6.5,-5.5,5.5,7.5,0.0,0.0,1.0,0.0,0.0,0.0,0.0,0.0,1.0,0.0,-5.687499999999999,-21.4395445615395,0.0,0.0,2.0,0.0,-5.5,5.5,1.0,6.5,7.5,0.0,0.0,1.0,0.0,0.0,1.0,0.0,0.0,0.0,0.0,-5.687499999999999,1408.0221862957087,-21.4395445615395,2023-08-06
Papua New Guinea,1455.825553630021,75,26,16,33,1.2533333333333334,2.1333333333333333,1.9466666666666668,0.18666666666666668,2.56,4.08,0.25333333333333335,0.2,0.5866666666666667,0.32,0.49333333333333335,0.04,0.3466666666666667,0.21333333333333335,0.44,1.2643504531722063,0.2998489425981874,-0.5889926182663862,0.0,6.0,10.0,1.8,0.3,0.9,1.8,1.5,3.3,0.5,0.3,0.2,0.2,0.0,0.8,0.3,0.8,0.0,1.3953488372093026,-0.07558139534883718,1483.5677107082834,1.766248895036697,2025-11-23
Lebanon,1455.0487107544755,249,67,72,110,1.0963855421686748,1.1325301204819278,1.357429718875502,-0.2248995983935743,1.4377510040160641,2.4899598393574296,0.30120481927710846,0.42168674698795183,0.40562248995983935,0.570281124497992,0.6465863453815262,0.1285140562248996,0.26907630522088355,0.2891566265060241,0.44176706827309237,1.1242339832869104,-0.16805942432683435,-0.18052726604628608,0.0,0.0,10.0,1.8,1.6,2.0,2.1,0.5,2.6,0.5,0.3,0.2,0.7,0.3,0.2,0.4,0.5,0.2,1.9765258215962445,1.8685446009389677,1293.6640124478504,-0.045675693117944685,2025-11-26
Mauritania,1452.6096516055077,160,40,41,79,1.00625,0.76875,1.33125,-0.5625,1.375,2.1,0.33125,0.5,0.33125,0.64375,0.60625,0.1625,0.25,0.25625,0.49375,0.9716565767749048,-0.6169510181618065,-0.29618967746557096,1.0,2.0,10.0,1.0,-0.5,1.1,0.6,1.1,1.7,0.2,0.4,0.4,0.4,0.5,0.3,0.8,0.7,0.2,1.0336538461538463,-0.5576923076923077,1587.119011433714,0.40385465942184273,2026-06-08
Saint Barthélemy,1451.0952350555435,10,4,1,5,1.3,2.5,3.0,-0.5,2.1,5.5,0.0,0.1,0.9,0.1,0.6,0.0,0.4,0.1,0.5,1.2999999999999996,-0.49999999999999983,-4.890476494445603,0.0,0.0,10.0,1.3,-0.5,2.1,2.5,3.0,5.5,0.4,0.1,0.5,0.0,0.1,0.9,0.1,0.6,0.0,1.2999999999999996,-0.49999999999999983,1312.0613651795788,-4.890476494445603,2023-03-10
Sudan,1451.0200933996612,284,88,68,128,1.1690140845070423,1.0070422535211268,1.2992957746478873,-0.29225352112676056,1.4612676056338028,2.306338028169014,0.3274647887323944,0.43309859154929575,0.3591549295774648,0.5528169014084507,0.5950704225352113,0.11971830985915492,0.30985915492957744,0.23943661971830985,0.4507042253521127,1.139925948781243,-0.3602283245911765,-0.17246445986035294,0.0,0.0,10.0,0.7,-1.2,1.6,0.5,1.7,2.2,0.2,0.1,0.7,0.2,0.6,0.3,0.6,0.4,0.1,0.7203947368421054,-1.2598684210526319,1650.3142358939615,-0.41349513225439727,2026-01-03
Barawa,1450.9787850295836,10,3,0,7,0.9,1.4,3.8,-2.4,4.2,5.2,0.2,0.4,0.4,0.1,0.1,0.0,0.3,0.0,0.7,0.890625,-2.3906250000000004,-4.902121497041662,0.0,0.0,10.0,0.9,-2.4,4.2,1.4,3.8,5.2,0.3,0.0,0.7,0.2,0.4,0.4,0.1,0.1,0.0,0.890625,-2.3906250000000004,1513.9133305855669,-4.902121497041662,2019-05-25
Mayotte,1448.9881918788947,38,11,11,16,1.1578947368421053,1.3421052631578947,1.4736842105263157,-0.13157894736842105,1.5526315789473684,2.8157894736842106,0.2631578947368421,0.34210526315789475,0.5,0.5,0.5789473684210527,0.10526315789473684,0.2894736842105263,0.2894736842105263,0.42105263157894735,1.1686274509803927,-0.12549019607843137,-1.342416003186988,0.0,3.0,10.0,1.7,0.4,1.2,1.2,0.8,2.0,0.5,0.2,0.3,0.4,0.4,0.4,0.6,0.6,0.2,1.6999999999999993,0.3999999999999999,1374.5711228226628,0.039370548851158205,2023-08-26
Equatorial Guinea,1447.1702062111926,152,47,32,73,1.138157894736842,0.9210526315789473,1.355263157894737,-0.4342105263157895,1.381578947368421,2.276315789473684,0.27631578947368424,0.39473684210526316,0.3881578947368421,0.5986842105263158,0.6381578947368421,0.05921052631578947,0.3092105263157895,0.21052631578947367,0.48026315789473684,1.170015067805125,-0.40934203917629414,-0.34756443282110017,0.0,0.0,10.0,0.5,-1.0,1.2,0.5,1.5,2.0,0.1,0.2,0.7,0.1,0.5,0.4,0.7,0.7,0.0,0.3090909090909092,-1.1636363636363638,1535.5593503180387,-10.370190828819108,2026-06-09
Orkney,1446.6061933505957,28,9,1,18,1.0,1.3571428571428572,3.0,-1.6428571428571428,2.7857142857142856,4.357142857142857,0.10714285714285714,0.35714285714285715,0.5357142857142857,0.17857142857142858,0.39285714285714285,0.0,0.32142857142857145,0.03571428571428571,0.6428571428571429,1.0101351351351349,-1.6385135135135132,-1.9069216660501591,1.0,1.0,10.0,1.6,0.1,1.3,1.9,1.8,3.7,0.5,0.1,0.4,0.1,0.1,0.8,0.1,0.7,0.0,1.6534653465346538,0.16831683168316833,1479.702859726257,1.9044423065385085,2025-07-17
Solomon Islands,1446.1796531721545,129,57,18,54,1.4651162790697674,2.108527131782946,1.7131782945736433,0.3953488372093023,2.441860465116279,3.8217054263565893,0.2868217054263566,0.2868217054263566,0.4728682170542636,0.37209302325581395,0.49612403100775193,0.046511627906976744,0.4418604651162791,0.13953488372093023,0.4186046511627907,1.427175843694491,0.13143872113676705,-0.41721199091353267,0.0,0.0,10.0,0.6,-1.3,2.1,1.6,2.9,4.5,0.2,0.0,0.8,0.0,0.2,0.8,0.2,0.6,0.0,0.7058823529411766,-1.1235294117647059,1459.9878651468634,-6.916491238897068,2026-03-30
Tanzania,1446.124995277351,280,84,77,119,1.175,0.9928571428571429,1.2392857142857143,-0.24642857142857144,1.2107142857142856,2.232142857142857,0.2857142857142857,0.36428571428571427,0.43214285714285716,0.6428571428571429,0.7142857142857143,0.08214285714285714,0.3,0.275,0.425,1.12425021422451,-0.3059125964010294,-0.19241073115231902,1.0,1.0,10.0,0.5,-0.2,1.4,1.2,1.4,2.6,0.1,0.2,0.7,0.1,0.5,0.4,0.7,0.8,0.0,0.44827586206896564,-0.4068965517241381,1519.0876155689862,-4.746151235880232,2026-03-29
Sierra Leone,1444.782272742742,137,36,38,63,1.0656934306569343,0.9051094890510949,1.4014598540145986,-0.49635036496350365,1.2408759124087592,2.3065693430656933,0.2846715328467153,0.40875912408759124,0.4233576642335766,0.6058394160583942,0.656934306569343,0.11678832116788321,0.26277372262773724,0.2773722627737226,0.45985401459854014,1.0747074707470756,-0.4497449744974505,-0.4030491040675831,0.0,0.0,10.0,1.4,0.0,1.2,1.1,1.1,2.2,0.4,0.2,0.4,0.2,0.3,0.5,0.7,0.6,0.0,1.4238683127572018,0.07818930041152264,1444.437790021651,0.6759406629830365,2026-06-09
Vatican City,1441.3566599261437,8,0,3,5,0.375,0.75,2.625,-1.875,1.875,3.375,0.25,0.5,0.5,0.5,0.5,0.25,0.0,0.375,0.625,0.3749999999999999,-1.8749999999999998,-7.330417509232015,0.0,0.0,8.0,0.375,-1.875,1.875,0.75,2.625,3.375,0.0,0.375,0.625,0.25,0.5,0.5,0.5,0.5,0.25,0.3749999999999999,-1.8749999999999998,1456.7368633303308,-7.330417509232015,2022-04-22
Saint Helena,1437.5339863660972,8,0,0,8,0.0,0.75,5.125,-4.375,4.375,5.875,0.0,0.5,0.5,0.0,0.125,0.0,0.0,0.0,1.0,0.0,-4.329268292682928,-7.808251704237843,0.0,0.0,8.0,0.0,-4.375,4.375,0.75,5.125,5.875,0.0,0.0,1.0,0.0,0.5,0.5,0.0,0.125,0.0,0.0,-4.329268292682928,1530.4053911390463,-7.808251704237843,2023-07-13
Malawi,1437.1208185521866,282,82,82,118,1.1631205673758864,0.975177304964539,1.2234042553191489,-0.24822695035460993,1.1560283687943262,2.198581560283688,0.3191489361702128,0.3829787234042553,0.4219858156028369,0.6276595744680851,0.7092198581560284,0.12411347517730496,0.2907801418439716,0.2907801418439716,0.41843971631205673,1.1374132084611694,-0.29694816728564616,-0.22297582073692593,0.0,1.0,10.0,1.2,0.0,1.0,0.9,0.9,1.8,0.3,0.3,0.4,0.3,0.5,0.3,0.7,0.8,0.1,1.3124999999999998,0.10576923076923073,1426.4220286883071,0.10158947192112681,2026-06-09
Raetia,1437.0209610053437,20,4,5,11,0.85,1.95,4.15,-2.2,4.0,6.1,0.05,0.3,0.65,0.1,0.35,0.0,0.2,0.25,0.55,0.8438661710037179,-2.1933085501858747,-3.1489519497328367,2.0,4.0,10.0,1.0,-0.7,2.9,2.5,3.2,5.7,0.2,0.4,0.4,0.0,0.3,0.7,0.1,0.5,0.0,1.0714285714285714,-0.4000000000000001,1473.9771771003186,0.6375508644066048,2023-08-06
Zimbabwe,1436.2647279873777,269,101,76,92,1.4089219330855018,1.2565055762081785,1.141263940520446,0.11524163568773234,1.245353159851301,2.3977695167286246,0.35687732342007433,0.32342007434944237,0.44981412639405205,0.5687732342007435,0.6394052044609665,0.13011152416356878,0.3754646840148699,0.2825278810408922,0.3420074349442379,1.3435329143235246,0.03969566655640106,-0.23693409670119522,1.0,1.0,10.0,1.1,-0.2,1.2,1.1,1.3,2.4,0.3,0.2,0.5,0.3,0.3,0.5,0.5,0.7,0.1,0.6842105263157895,-0.4898785425101215,1597.8306936393897,-0.07128036768426096,2026-05-30
French Guiana,1435.4571157172466,109,42,23,44,1.3669724770642202,1.6788990825688073,1.3944954128440368,0.28440366972477066,1.6788990825688073,3.073394495412844,0.28440366972477066,0.28440366972477066,0.5137614678899083,0.3944954128440367,0.5963302752293578,0.08256880733944955,0.3853211009174312,0.21100917431192662,0.4036697247706422,1.3839605734767033,0.2715053763440861,-0.5921365530527902,0.0,1.0,10.0,1.1,0.2,1.2,1.7,1.5,3.2,0.3,0.2,0.5,0.2,0.3,0.6,0.3,0.8,0.1,1.1,0.2000000000000001,1423.6604956366396,-4.676774466101535,2024-11-19
Kazakhstan,1435.412118954936,228,55,48,125,0.9342105263157895,1.0263157894736843,1.7236842105263157,-0.6973684210526315,1.6798245614035088,2.75,0.23684210526315788,0.3815789473684211,0.4605263157894737,0.43859649122807015,0.5482456140350878,0.07894736842105263,0.2412280701754386,0.21052631578947367,0.5482456140350878,0.8884702336096464,-0.7803315749811615,-0.283280180022209,0.0,0.0,10.0,1.2,-0.3,1.7,1.1,1.4,2.5,0.3,0.3,0.4,0.3,0.3,0.4,0.7,0.6,0.0,1.130232558139535,-0.4046511627906977,1534.5529919471542,2.292199533959349,2026-06-09
Sark,1431.1644572049981,4,0,0,4,0.0,0.0,17.5,-17.5,17.5,17.5,0.0,1.0,0.0,0.0,0.0,0.0,0.0,0.0,1.0,0.0,-17.5,-17.208885698750542,0.0,0.0,4.0,0.0,-17.5,17.5,0.0,17.5,17.5,0.0,0.0,1.0,0.0,1.0,0.0,0.0,0.0,0.0,0.0,-17.5,1505.5650226905432,-17.208885698750542,2003-07-03
Micronesia,1431.0666917064655,4,0,0,4,0.0,0.0,13.0,-13.0,13.0,13.0,0.0,1.0,0.0,0.0,0.0,0.0,0.0,0.0,1.0,0.0,-13.0,-17.233327073383673,0.0,0.0,4.0,0.0,-13.0,13.0,0.0,13.0,13.0,0.0,0.0,1.0,0.0,1.0,0.0,0.0,0.0,0.0,0.0,-13.0,1487.6402786361275,-17.233327073383673,2003-07-07
Puerto Rico,1429.5179010733104,98,33,19,46,1.2040816326530612,1.6326530612244898,1.7142857142857142,-0.08163265306122448,2.122448979591837,3.3469387755102042,0.2755102040816326,0.32653061224489793,0.45918367346938777,0.3673469387755102,0.4489795918367347,0.061224489795918366,0.336734693877551,0.19387755102040816,0.46938775510204084,1.2646657571623459,0.07639836289222363,-0.7192050910886759,0.0,0.0,10.0,1.1,-0.8,2.2,1.1,1.9,3.0,0.3,0.2,0.5,0.2,0.5,0.3,0.4,0.4,0.0,1.0934065934065933,-0.8131868131868133,1506.5499323486235,-0.5865756827760015,2026-06-05
Turkmenistan,1425.0584515366168,131,50,20,61,1.297709923664122,1.5038167938931297,1.5038167938931297,0.0,1.9236641221374047,3.0076335877862594,0.2595419847328244,0.3282442748091603,0.4580152671755725,0.44274809160305345,0.5190839694656488,0.04580152671755725,0.3816793893129771,0.15267175572519084,0.46564885496183206,1.3306962025316462,0.05854430379746843,-0.5720728890334498,2.0,2.0,10.0,1.6,0.2,2.0,1.6,1.4,3.0,0.5,0.1,0.4,0.2,0.4,0.5,0.3,0.5,0.1,1.4905660377358496,-0.10188679245283025,1455.3622401230477,2.164264283566515,2025-11-18
Darfur,1425.021499467631,4,0,0,4,0.0,0.0,15.25,-15.25,15.25,15.25,0.0,1.0,0.0,0.0,0.0,0.0,0.0,0.0,1.0,0.0,-15.249999999999998,-18.744625133092292,0.0,0.0,4.0,0.0,-15.25,15.25,0.0,15.25,15.25,0.0,0.0,1.0,0.0,1.0,0.0,0.0,0.0,0.0,0.0,-15.249999999999998,1486.0337151743533,-18.744625133092292,2014-06-07
Liberia,1422.267949999942,155,43,30,82,1.0258064516129033,0.9548387096774194,1.5612903225806452,-0.6064516129032258,1.5096774193548388,2.5161290322580645,0.2709677419354839,0.4129032258064516,0.3935483870967742,0.535483870967742,0.5935483870967742,0.07741935483870968,0.27741935483870966,0.1935483870967742,0.5290322580645161,1.0589931830099653,-0.5744625065547997,-0.5014970967745688,1.0,1.0,10.0,1.2,-0.2,1.2,1.3,1.5,2.8,0.3,0.3,0.4,0.0,0.4,0.6,0.4,0.6,0.0,1.3980099502487562,-0.10447761194029846,1480.2991178798025,2.5157234163128193,2026-06-09
Saare County,1414.8075720811808,31,5,5,21,0.6451612903225806,1.1935483870967742,2.3548387096774195,-1.1612903225806452,1.6129032258064515,3.5483870967741935,0.0967741935483871,0.3870967741935484,0.5806451612903226,0.2903225806451613,0.5806451612903226,0.06451612903225806,0.16129032258064516,0.16129032258064516,0.6774193548387096,0.6451612903225804,-1.1612903225806448,-2.7481428360909406,1.0,3.0,10.0,1.1,-0.5,1.5,1.6,2.1,3.7,0.3,0.2,0.5,0.2,0.3,0.6,0.3,0.6,0.1,1.1000000000000003,-0.5000000000000001,1520.3656615274945,0.473956735941736,2017-06-29
Luxembourg,1413.7205547478575,240,35,43,162,0.6166666666666667,0.6333333333333333,2.1,-1.4666666666666666,1.8833333333333333,2.7333333333333334,0.1625,0.575,0.3458333333333333,0.48333333333333334,0.49583333333333335,0.08333333333333333,0.14583333333333334,0.17916666666666667,0.675,0.6107871720116622,-1.5331632653061245,-0.3594976885505916,1.0,1.0,10.0,0.4,-1.3,1.5,0.2,1.5,1.7,0.1,0.1,0.8,0.2,0.8,0.1,0.8,0.6,0.1,0.24347826086956523,-1.5739130434782609,1692.0787611100488,-3.3421168510262946,2026-06-06
Namibia,1412.2699623645356,213,58,57,98,1.0845070422535212,0.9577464788732394,1.323943661971831,-0.36619718309859156,1.2863849765258215,2.2816901408450705,0.28169014084507044,0.4272300469483568,0.4272300469483568,0.5821596244131455,0.6901408450704225,0.13615023474178403,0.27230046948356806,0.2676056338028169,0.460093896713615,1.0740441027715986,-0.4369815901274546,-0.4118781109646204,0.0,1.0,10.0,0.8,-0.9,1.7,0.7,1.6,2.3,0.2,0.2,0.6,0.3,0.5,0.3,0.5,0.5,0.1,0.9434782608695653,-0.6782608695652175,1460.6960159720197,-4.744797320023922,2026-03-28
Chagos Islands,1405.4059350968273,14,2,2,10,0.5714285714285714,1.7142857142857142,4.928571428571429,-3.2142857142857144,4.214285714285714,6.642857142857143,0.0,0.2857142857142857,0.7142857142857143,0.07142857142857142,0.21428571428571427,0.0,0.14285714285714285,0.14285714285714285,0.7142857142857143,0.5882352941176471,-3.096256684491979,-6.756718921655185,0.0,0.0,10.0,0.1,-5.0,5.0,1.2,6.2,7.4,0.0,0.1,0.9,0.0,0.4,0.6,0.0,0.2,0.0,0.09160305343511449,-4.9541984732824424,1497.718002172456,-10.83020360987518,2019-12-29
Ethiopia,1403.6039678627453,205,71,50,84,1.2829268292682927,1.2048780487804878,1.326829268292683,-0.12195121951219512,1.4097560975609755,2.5317073170731708,0.32195121951219513,0.33170731707317075,0.44878048780487806,0.5317073170731708,0.624390243902439,0.1024390243902439,0.3463414634146341,0.24390243902439024,0.4097560975609756,1.2123702422145353,-0.24091695501730173,-0.47022454701100247,0.0,2.0,10.0,1.3,-0.2,1.8,1.2,1.4,2.6,0.4,0.1,0.5,0.2,0.4,0.4,0.7,0.4,0.0,1.2148437500000002,-0.27734375000000006,1507.524937849416,2.106276631954678,2026-06-09
Saint Pierre and Miquelon,1400.0248823078502,7,0,0,7,0.0,0.2857142857142857,11.142857142857142,-10.857142857142858,10.857142857142858,11.428571428571429,0.0,0.7142857142857143,0.2857142857142857,0.0,0.0,0.0,0.0,0.0,1.0,0.0,-10.857142857142858,-14.282159670307138,0.0,0.0,7.0,0.0,-10.857142857142858,10.857142857142858,0.2857142857142857,11.142857142857142,11.428571428571429,0.0,0.0,1.0,0.0,0.7142857142857143,0.2857142857142857,0.0,0.0,0.0,0.0,-10.857142857142858,1509.9744811521782,-14.282159670307138,2012-09-28
Botswana,1399.378272141931,267,84,76,107,1.2284644194756553,0.8539325842696629,1.0337078651685394,-0.1797752808988764,1.1385767790262171,1.8876404494382022,0.40823970037453183,0.44569288389513106,0.32209737827715357,0.6966292134831461,0.7265917602996255,0.1760299625468165,0.3146067415730337,0.2846441947565543,0.40074906367041196,1.1368814524741937,-0.32449270202919317,-0.3768604039628033,1.0,1.0,10.0,0.7,-1.2,1.8,0.6,1.8,2.4,0.2,0.1,0.7,0.2,0.6,0.2,0.5,0.4,0.0,0.4707903780068729,-1.405498281786942,1539.6831768814095,-6.1434180744630575,2026-03-31
Cuba,1397.2266749292482,224,80,48,96,1.2857142857142858,1.2678571428571428,1.5357142857142858,-0.26785714285714285,1.9285714285714286,2.8035714285714284,0.35714285714285715,0.39732142857142855,0.3482142857142857,0.4732142857142857,0.5491071428571429,0.10267857142857142,0.35714285714285715,0.21428571428571427,0.42857142857142855,1.2234063166053097,-0.4747142026739012,-0.45880948692300044,0.0,4.0,10.0,1.1,-0.9,2.1,1.0,1.9,2.9,0.3,0.2,0.5,0.3,0.4,0.3,0.5,0.5,0.0,1.131578947368421,-0.8631578947368419,1413.6016560994499,-3.0501640582702203,2026-03-29
Philippines,1395.801994659252,213,75,47,91,1.2769953051643192,1.3661971830985915,1.596244131455399,-0.2300469483568075,1.8544600938967135,2.9624413145539905,0.3145539906103286,0.3474178403755869,0.4413145539906103,0.4694835680751174,0.5446009389671361,0.10328638497652583,0.352112676056338,0.22065727699530516,0.4272300469483568,1.2454398522281247,-0.3306395751558539,-0.48919251333684766,5.0,7.0,10.0,2.5,1.8,2.2,2.9,1.1,4.0,0.8,0.1,0.1,0.2,0.0,0.8,0.2,0.3,0.0,2.4746543778801846,1.6497695852534568,1304.5750699554274,7.7782306080114,2026-06-09
Armenia,1393.6716655907424,226,57,47,122,0.9646017699115044,1.092920353982301,1.8141592920353982,-0.7212389380530974,1.6946902654867257,2.9070796460176993,0.19469026548672566,0.40707964601769914,0.4690265486725664,0.4557522123893805,0.5486725663716814,0.07079646017699115,0.252212389380531,0.2079646017699115,0.5398230088495575,0.9325842696629223,-0.7880403732622372,-0.4704793557931714,0.0,2.0,10.0,0.6,-1.7,1.9,0.8,2.5,3.3,0.1,0.3,0.6,0.0,0.4,0.6,0.5,0.7,0.0,0.5608695652173914,-2.0782608695652174,1620.7950787984623,-0.37688956894685655,2026-06-09
Lesotho,1392.7311879255624,234,45,76,113,0.9017094017094017,0.7606837606837606,1.4316239316239316,-0.6709401709401709,1.2179487179487178,2.1923076923076925,0.2863247863247863,0.5,0.37606837606837606,0.6282051282051282,0.6923076923076923,0.1623931623931624,0.19230769230769232,0.3247863247863248,0.4829059829059829,0.8824623011774443,-0.7461268332989076,-0.45841372681384157,0.0,1.0,10.0,0.9,-1.2,2.0,0.7,1.9,2.6,0.2,0.3,0.5,0.3,0.5,0.3,0.5,0.6,0.1,0.9506172839506173,-1.3127572016460909,1565.0412715673988,2.105351053884948,2026-06-04
Saint Vincent and the Grenadines,1391.199553998318,128,47,24,57,1.2890625,1.5859375,1.9375,-0.3515625,2.0703125,3.5234375,0.21875,0.234375,0.546875,0.375,0.53125,0.0,0.3671875,0.1875,0.4453125,1.2106360792492172,-0.5582203684393463,-0.8500034843881327,1.0,1.0,10.0,1.9,1.5,2.5,2.6,1.1,3.7,0.6,0.1,0.3,0.4,0.1,0.5,0.3,0.4,0.0,1.8146067415730334,1.5898876404494382,1296.8924753445708,1.5738227298422842,2026-03-29
Burundi,1390.543062248467,179,52,42,85,1.106145251396648,1.111731843575419,1.3519553072625698,-0.24022346368715083,1.3798882681564246,2.463687150837989,0.25139664804469275,0.40782122905027934,0.44692737430167595,0.5642458100558659,0.6424581005586593,0.10614525139664804,0.2905027932960894,0.2346368715083799,0.4748603351955307,1.0587206396801614,-0.2988505747126445,-0.6114912723549353,0.0,0.0,10.0,0.7,-0.8,2.0,0.6,1.4,2.0,0.2,0.1,0.7,0.3,0.8,0.0,0.8,0.5,0.1,0.588477366255144,-0.6913580246913581,1568.2467117212475,-3.8657973421309046,2026-05-26
Kiribati,1389.4861053666498,8,0,0,8,0.0,0.5,10.75,-10.25,10.25,11.25,0.0,0.625,0.375,0.0,0.125,0.0,0.0,0.0,1.0,0.0,-10.28,-13.8142368291688,0.0,0.0,8.0,0.0,-10.25,10.25,0.5,10.75,11.25,0.0,0.0,1.0,0.0,0.625,0.375,0.0,0.125,0.0,0.0,-10.28,1495.2328569428335,-13.8142368291688,2011-09-05
Singapore,1383.7201037667553,302,108,61,133,1.2748344370860927,1.3311258278145695,1.5827814569536425,-0.25165562913907286,1.6622516556291391,2.9139072847682117,0.25165562913907286,0.3344370860927152,0.4900662251655629,0.45695364238410596,0.5331125827814569,0.076158940397351,0.3576158940397351,0.20198675496688742,0.44039735099337746,1.2234740205145502,-0.37649234908357293,-0.385032768984259,0.0,0.0,10.0,1.7,0.6,1.2,1.9,1.3,3.2,0.5,0.2,0.3,0.1,0.0,0.9,0.2,0.8,0.0,1.9166666666666674,0.6406250000000001,1364.3348192198525,4.281329041039834,2026-06-05
Hong Kong,1382.0778022662007,209,69,45,95,1.2057416267942584,1.507177033492823,1.5358851674641147,-0.028708133971291867,2.229665071770335,3.0430622009569377,0.3157894736842105,0.46411483253588515,0.3253588516746411,0.5167464114832536,0.4688995215311005,0.10526315789473684,0.33014354066985646,0.215311004784689,0.45454545454545453,1.138497109826591,-0.2036994219653186,-0.5642210417885032,0.0,0.0,10.0,1.5,0.8,1.6,1.9,1.1,3.0,0.4,0.3,0.3,0.4,0.2,0.5,0.6,0.7,0.1,1.565656565656566,0.7373737373737376,1316.8265710055618,0.6108013881874961,2026-06-09
Bermuda,1380.368874879274,126,48,17,61,1.2777777777777777,1.9047619047619047,1.7380952380952381,0.16666666666666666,2.4523809523809526,3.642857142857143,0.2777777777777778,0.30158730158730157,0.47619047619047616,0.3253968253968254,0.4523809523809524,0.05555555555555555,0.38095238095238093,0.1349206349206349,0.48412698412698413,1.287932251235004,0.21030345800988007,-0.9494533739740177,1.0,1.0,10.0,1.0,-1.2,3.0,1.4,2.6,4.0,0.3,0.1,0.6,0.2,0.5,0.3,0.1,0.3,0.0,0.9423076923076924,-1.3961538461538465,1549.1478046542518,0.05183983778011765,2026-06-06
Estonia,1380.01954515962,325,91,71,163,1.0584615384615386,0.9046153846153846,1.5784615384615384,-0.6738461538461539,1.5784615384615384,2.483076923076923,0.27692307692307694,0.4523076923076923,0.3569230769230769,0.5846153846153846,0.5661538461538461,0.08615384615384615,0.28,0.21846153846153846,0.5015384615384615,0.985192940472631,-0.8028716721507653,-0.369170630278097,2.0,2.0,10.0,1.2,-0.8,1.6,1.0,1.8,2.8,0.3,0.3,0.4,0.3,0.3,0.5,0.6,0.5,0.1,0.893939393939394,-1.3333333333333333,1488.7973491010548,0.27029200722732005,2026-06-09
Faroe Islands,1380.0042572176799,200,38,27,135,0.705,0.755,2.07,-1.315,1.895,2.825,0.13,0.515,0.39,0.465,0.49,0.035,0.19,0.135,0.675,0.6412955465587049,-1.4139676113360329,-0.5999787139116062,1.0,1.0,10.0,2.1,0.6,1.4,1.4,0.8,2.2,0.7,0.0,0.3,0.4,0.2,0.4,0.5,0.8,0.0,2.065789473684211,0.631578947368421,1426.3898847239664,9.695591282968264,2026-06-09
Tibet,1378.7611694036684,18,0,2,16,0.1111111111111111,1.0,4.222222222222222,-3.2222222222222223,3.2222222222222223,5.222222222222222,0.0,0.4444444444444444,0.5555555555555556,0.1111111111111111,0.2777777777777778,0.0,0.0,0.1111111111111111,0.8888888888888888,0.12935323383084574,-2.980099502487562,-6.735490588685084,0.0,0.0,10.0,0.2,-2.5,2.5,1.6,4.1,5.7,0.0,0.2,0.8,0.0,0.2,0.8,0.1,0.3,0.0,0.22033898305084745,-2.4661016949152548,1498.1932293058198,-5.076544269440793,2025-07-03
Guinea-Bissau,1377.5170479525045,111,27,29,55,0.990990990990991,0.954954954954955,1.3513513513513513,-0.3963963963963964,1.2612612612612613,2.3063063063063063,0.26126126126126126,0.44144144144144143,0.4144144144144144,0.6216216216216216,0.6576576576576577,0.11711711711711711,0.24324324324324326,0.26126126126126126,0.4954954954954955,0.9483115093039287,-0.4517574086836666,-1.1034500184459124,0.0,1.0,10.0,0.5,-1.1,1.5,0.6,1.7,2.3,0.1,0.2,0.7,0.1,0.5,0.4,0.7,0.6,0.0,0.5652173913043479,-0.8652173913043479,1493.4599695266884,-5.545309493540434,2026-03-31
Azerbaijan,1370.6088431768733,257,49,71,137,0.8482490272373541,0.77431906614786,1.5914396887159532,-0.8171206225680934,1.4630350194552528,2.3657587548638133,0.24124513618677043,0.48638132295719844,0.4046692607003891,0.5719844357976653,0.603112840466926,0.13229571984435798,0.19066147859922178,0.27626459143968873,0.5330739299610895,0.7652065969143474,-0.9796063131760968,-0.5034675362767603,1.0,1.0,10.0,0.8,-0.9,2.1,1.2,2.1,3.3,0.2,0.2,0.6,0.0,0.4,0.6,0.4,0.4,0.0,0.5521739130434784,-1.3956521739130436,1554.309476979467,-1.542331059748328,2026-06-09
Congo,1366.1792087385732,167,44,47,76,1.0718562874251496,1.0179640718562875,1.467065868263473,-0.4491017964071856,1.3353293413173652,2.4850299401197606,0.2634730538922156,0.3712574850299401,0.46706586826347307,0.5808383233532934,0.6047904191616766,0.10179640718562874,0.2634730538922156,0.281437125748503,0.4550898203592814,1.1104063894761593,-0.4059196617336163,-0.8013221033618358,0.0,0.0,10.0,0.5,-1.7,1.9,0.6,2.3,2.9,0.1,0.2,0.7,0.1,0.5,0.4,0.6,0.6,0.0,0.4928057553956836,-1.7158273381294968,1553.2992442120963,-5.195184962351824,2025-10-14
Frøya,1359.4991018620417,27,4,2,21,0.5185185185185185,1.5555555555555556,4.2592592592592595,-2.7037037037037037,4.185185185185185,5.814814814814815,0.037037037037037035,0.4074074074074074,0.5555555555555556,0.037037037037037035,0.18518518518518517,0.0,0.14814814814814814,0.07407407407407407,0.7777777777777778,0.5185185185185184,-2.7037037037037024,-5.203736968072524,0.0,0.0,10.0,0.4,-2.6,3.0,1.3,3.9,5.2,0.1,0.1,0.8,0.0,0.4,0.6,0.1,0.2,0.0,0.4000000000000001,-2.600000000000001,1473.3976288111999,-4.26082456963896,2025-07-17
Falkland Islands,1358.8509097807034,33,6,1,26,0.5757575757575758,0.9393939393939394,3.6666666666666665,-2.727272727272727,3.6363636363636362,4.606060606060606,0.06060606060606061,0.48484848484848486,0.45454545454545453,0.09090909090909091,0.24242424242424243,0.0,0.18181818181818182,0.030303030303030304,0.7878787878787878,0.5757575757575755,-2.7272727272727257,-4.277245158160499,0.0,1.0,10.0,0.1,-2.6,2.6,0.7,3.3,4.0,0.0,0.1,0.9,0.0,0.4,0.6,0.1,0.3,0.0,0.10000000000000002,-2.600000000000001,1502.6605544937825,-4.998436600249986,2023-07-13
Central African Republic,1355.1997069035608,97,22,22,53,0.9072164948453608,0.979381443298969,1.731958762886598,-0.7525773195876289,1.597938144329897,2.711340206185567,0.23711340206185566,0.422680412371134,0.4329896907216495,0.4742268041237113,0.5360824742268041,0.09278350515463918,0.2268041237113402,0.2268041237113402,0.5463917525773195,0.8794829024186819,-0.7827356130108419,-1.4927865267674199,0.0,0.0,10.0,0.8,-1.4,1.8,0.7,2.1,2.8,0.2,0.2,0.6,0.1,0.6,0.4,0.5,0.5,0.1,0.7078189300411524,-1.5390946502057612,1493.3835617103991,-3.490369180360991,2026-06-09
Yemen,1349.5696497511094,203,43,44,116,0.8522167487684729,1.0591133004926108,1.8078817733990147,-0.7487684729064039,1.793103448275862,2.8669950738916254,0.18719211822660098,0.4729064039408867,0.4187192118226601,0.45320197044334976,0.541871921182266,0.07881773399014778,0.21182266009852216,0.21674876847290642,0.5714285714285714,0.8845108695652182,-0.7130887681159427,-0.7410362081226141,0.0,7.0,10.0,1.8,1.8,2.2,2.8,1.0,3.8,0.5,0.3,0.2,0.5,0.3,0.4,0.5,0.6,0.2,1.844444444444445,2.084444444444445,1344.868243003793,5.347653365101821,2025-11-26
Cyprus,1348.2521508145446,231,55,43,133,0.9004329004329005,1.0216450216450217,1.8744588744588744,-0.8528138528138528,1.658008658008658,2.896103896103896,0.15584415584415584,0.43722943722943725,0.4805194805194805,0.41125541125541126,0.5627705627705628,0.0735930735930736,0.23809523809523808,0.18614718614718614,0.5757575757575758,0.845613368780859,-0.9466388150398802,-0.6569170960409362,1.0,3.0,10.0,1.2,0.1,1.3,1.6,1.5,3.1,0.3,0.3,0.4,0.2,0.3,0.5,0.5,0.6,0.0,1.130232558139535,0.13488372093023254,1452.380271425416,2.338016867303477,2026-06-07
Sint Maarten,1346.4102419618764,39,12,7,20,1.1025641025641026,1.5128205128205128,2.871794871794872,-1.358974358974359,2.5384615384615383,4.384615384615385,0.1794871794871795,0.28205128205128205,0.6153846153846154,0.3333333333333333,0.5128205128205128,0.07692307692307693,0.3076923076923077,0.1794871794871795,0.5128205128205128,1.0933940774487474,-1.4464692482915729,-3.9381989240544466,0.0,5.0,10.0,1.7,-0.9,2.1,1.3,2.2,3.5,0.5,0.2,0.3,0.4,0.4,0.4,0.4,0.7,0.2,1.6454545454545457,-1.1545454545454543,1381.0057091813073,3.382962091588413,2026-03-30
Grenada,1341.712388737407,164,45,34,85,1.0304878048780488,1.4695121951219512,2.0548780487804876,-0.5853658536585366,1.9634146341463414,3.524390243902439,0.1524390243902439,0.3719512195121951,0.5121951219512195,0.3597560975609756,0.4695121951219512,0.036585365853658534,0.27439024390243905,0.2073170731707317,0.5182926829268293,0.983935742971887,-0.726047045324154,-0.9651683613572646,0.0,0.0,10.0,1.5,-0.4,3.2,1.7,2.1,3.8,0.5,0.0,0.5,0.3,0.5,0.2,0.3,0.2,0.0,1.764705882352941,0.2882352941176472,1393.7937073567734,2.5511073538487783,2026-05-16
Belize,1334.6776078505993,112,31,19,62,1.0,1.1428571428571428,1.8392857142857142,-0.6964285714285714,1.8928571428571428,2.982142857142857,0.22321428571428573,0.39285714285714285,0.4375,0.44642857142857145,0.49107142857142855,0.05357142857142857,0.2767857142857143,0.16964285714285715,0.5535714285714286,0.9788169464428462,-0.8021582733812948,-1.476092787048227,0.0,0.0,10.0,1.0,-1.2,2.4,1.5,2.7,4.2,0.3,0.1,0.6,0.1,0.3,0.6,0.3,0.5,0.0,0.8849557522123892,-1.5088495575221237,1482.734839925508,-0.17699477978576877,2026-03-30
India,1331.0724465716128,234,86,54,94,1.3333333333333333,1.3205128205128205,1.4487179487179487,-0.1282051282051282,1.641025641025641,2.769230769230769,0.2905982905982906,0.3076923076923077,0.46153846153846156,0.47435897435897434,0.5811965811965812,0.05982905982905983,0.36752136752136755,0.23076923076923078,0.4017094017094017,1.2695652173913061,-0.23690349946977793,-0.7219126214888293,0.0,1.0,10.0,0.3,-1.0,1.0,0.4,1.4,1.8,0.0,0.3,0.7,0.1,0.6,0.4,0.8,0.7,0.1,0.341708542713568,-0.8542713567839196,1411.1987733660776,-8.037077815649763,2026-06-09
Tuvalu,1330.650041876898,34,7,3,24,0.7058823529411765,1.0294117647058822,4.882352941176471,-3.8529411764705883,4.852941176470588,5.911764705882353,0.08823529411764706,0.5294117647058824,0.38235294117647056,0.14705882352941177,0.2647058823529412,0.0,0.20588235294117646,0.08823529411764706,0.7058823529411765,0.6982968369829688,-3.827250608272509,-4.980881121267714,2.0,2.0,10.0,0.7,-4.3,5.7,1.3,5.6,6.9,0.2,0.1,0.7,0.1,0.5,0.4,0.1,0.2,0.0,0.7054263565891473,-4.325581395348837,1413.6900830387851,-4.537332567795929,2023-11-30
Saint Kitts and Nevis,1327.831279993845,155,60,30,65,1.3548387096774193,1.6387096774193548,1.6064516129032258,0.03225806451612903,2.0064516129032257,3.2451612903225806,0.27741935483870966,0.3096774193548387,0.4645161290322581,0.43870967741935485,0.5032258064516129,0.05161290322580645,0.3870967741935484,0.1935483870967742,0.41935483870967744,1.3203513909224,-0.04685212298682265,-1.1107659355235813,1.0,1.0,10.0,1.3,-0.6,2.6,2.1,2.7,4.8,0.4,0.1,0.5,0.2,0.3,0.6,0.1,0.3,0.1,1.0574712643678161,-0.9597701149425287,1358.782041292032,-2.357844271168775,2026-03-30
Samoa,1325.9420596031139,49,17,2,30,1.0816326530612246,1.469387755102041,3.183673469387755,-1.7142857142857142,3.9591836734693877,4.653061224489796,0.2653061224489796,0.4489795918367347,0.30612244897959184,0.22448979591836735,0.2653061224489796,0.02040816326530612,0.3469387755102041,0.04081632653061224,0.6122448979591837,1.1460885956644673,-1.6248821866163985,-3.552202865242577,0.0,0.0,10.0,1.2,-1.8,3.2,1.2,3.0,4.2,0.4,0.0,0.6,0.2,0.3,0.5,0.3,0.3,0.0,1.272,-1.7280000000000004,1406.8581794635277,-1.9163405043733768,2024-11-18
Alderney,1320.2823714170536,44,3,1,40,0.22727272727272727,0.5909090909090909,4.181818181818182,-3.590909090909091,3.8181818181818183,4.7727272727272725,0.045454545454545456,0.5454545454545454,0.4090909090909091,0.13636363636363635,0.20454545454545456,0.0,0.06818181818181818,0.022727272727272728,0.9090909090909091,0.23636363636363641,-3.5659090909090922,-4.084491558703332,0.0,0.0,10.0,0.6,-2.3,3.1,0.9,3.2,4.1,0.2,0.0,0.8,0.1,0.5,0.4,0.3,0.1,0.0,0.6129032258064517,-2.290322580645161,1548.4542053223274,-0.6023878212396976,2022-04-23
Saint Martin,1319.601440970905,64,23,5,36,1.15625,1.484375,2.546875,-1.0625,2.78125,4.03125,0.203125,0.40625,0.4375,0.265625,0.4375,0.046875,0.359375,0.078125,0.5625,1.0950292397660826,-1.1432748538011699,-2.818727484829609,2.0,2.0,10.0,1.5,0.0,2.6,1.7,1.7,3.4,0.5,0.0,0.5,0.3,0.3,0.4,0.1,0.4,0.0,1.5306122448979589,0.11224489795918374,1336.832331173333,2.731561320069141,2026-03-29
Malta,1318.6157904965573,245,39,41,165,0.6448979591836734,0.689795918367347,2.093877551020408,-1.4040816326530612,1.9346938775510205,2.783673469387755,0.15510204081632653,0.5387755102040817,0.3551020408163265,0.49795918367346936,0.4857142857142857,0.04897959183673469,0.15918367346938775,0.1673469387755102,0.673469387755102,0.5309410472354454,-1.6142438667154912,-0.7403437122589509,1.0,1.0,10.0,1.1,-1.2,2.2,1.1,2.3,3.4,0.3,0.2,0.5,0.3,0.3,0.5,0.4,0.5,0.1,0.9956521739130436,-1.51304347826087,1519.4235377261016,2.978259230742052,2026-06-05
Eswatini,1313.7330538666408,209,43,63,103,0.9186602870813397,0.8229665071770335,1.6220095693779903,-0.7990430622009569,1.430622009569378,2.444976076555024,0.24880382775119617,0.46411483253588515,0.40669856459330145,0.5645933014354066,0.6267942583732058,0.11961722488038277,0.20574162679425836,0.3014354066985646,0.49282296650717705,0.8859262694180394,-0.8358451194064473,-0.8912294073366469,0.0,0.0,10.0,0.5,-1.7,1.7,0.7,2.4,3.1,0.0,0.5,0.5,0.1,0.6,0.4,0.4,0.5,0.1,0.5000000000000001,-1.6843971631205676,1549.718560119267,0.007326172058794977,2025-10-13
Saint Lucia,1303.4564840301537,130,44,16,70,1.1384615384615384,1.4076923076923078,2.0307692307692307,-0.6230769230769231,2.1153846153846154,3.4384615384615387,0.18461538461538463,0.3230769230769231,0.5230769230769231,0.3769230769230769,0.5,0.03076923076923077,0.3384615384615385,0.12307692307692308,0.5384615384615384,1.1726967549421856,-0.6001491980604251,-1.5118731997680497,0.0,0.0,10.0,0.9,-2.2,2.8,0.9,3.1,4.0,0.3,0.0,0.7,0.0,0.4,0.6,0.0,0.3,0.0,1.0384615384615383,-2.012820512820513,1359.9699972369822,-8.172486119522043,2026-03-27
Latvia,1303.234309657853,268,65,68,135,0.9813432835820896,1.0,1.5149253731343284,-0.5149253731343284,1.4253731343283582,2.514925373134328,0.23507462686567165,0.39552238805970147,0.45149253731343286,0.5485074626865671,0.6082089552238806,0.08208955223880597,0.24253731343283583,0.2537313432835821,0.503731343283582,0.9674059139784955,-0.5744287634408612,-0.7342003370975632,0.0,0.0,10.0,0.5,-0.9,0.9,0.5,1.4,1.9,0.0,0.5,0.5,0.2,0.6,0.4,0.7,0.9,0.2,0.4342105263157895,-1.0745614035087718,1542.7262614759409,-0.8693780706312626,2026-06-09
Montserrat,1299.986220394091,55,15,6,34,0.9272727272727272,1.1818181818181819,2.672727272727273,-1.490909090909091,2.4363636363636365,3.8545454545454545,0.18181818181818182,0.32727272727272727,0.5272727272727272,0.2727272727272727,0.4727272727272727,0.03636363636363636,0.2727272727272727,0.10909090909090909,0.6181818181818182,0.9211444521981859,-1.509420795533846,-3.636614174652889,0.0,0.0,10.0,0.6,-1.4,1.8,0.6,2.0,2.6,0.2,0.0,0.8,0.2,0.4,0.4,0.5,0.5,0.0,0.6066176470588236,-1.4154411764705883,1431.395738452968,-6.585043361358745,2025-06-10
Moldova,1298.900472693857,251,48,60,143,0.8127490039840638,0.7729083665338645,1.6932270916334662,-0.9203187250996016,1.5258964143426295,2.4661354581673307,0.21912350597609562,0.4820717131474104,0.3904382470119522,0.5776892430278885,0.601593625498008,0.09163346613545817,0.19123505976095617,0.23904382470119523,0.5697211155378487,0.7645385025786959,-1.0352125200071158,-0.8011933358810488,0.0,2.0,10.0,0.3,-2.3,2.3,0.9,3.2,4.1,0.0,0.3,0.7,0.0,0.3,0.7,0.4,0.5,0.0,0.2651162790697675,-2.8232558139534887,1528.9393433357623,-3.4700336780861534,2026-06-09
South Sudan,1295.9074652952834,78,12,16,50,0.6666666666666666,0.6410256410256411,1.8205128205128205,-1.1794871794871795,1.6923076923076923,2.4615384615384617,0.21794871794871795,0.5897435897435898,0.3076923076923077,0.5256410256410257,0.5641025641025641,0.11538461538461539,0.15384615384615385,0.20512820512820512,0.6410256410256411,0.6691292875989447,-1.182058047493403,-2.6165709577527707,0.0,0.0,10.0,0.6,-1.4,1.6,0.6,2.0,2.6,0.1,0.3,0.6,0.2,0.6,0.4,0.5,0.6,0.2,0.6064981949458484,-1.3935018050541519,1565.7793338310044,2.0926589413943346,2025-11-25
Lithuania,1292.2955422668435,251,57,46,148,0.8645418326693227,0.8247011952191236,1.6892430278884463,-0.8645418326693227,1.6055776892430278,2.5139442231075697,0.21115537848605578,0.44223107569721115,0.40239043824701193,0.5577689243027888,0.5577689243027888,0.055776892430278883,0.22709163346613545,0.18326693227091634,0.5896414342629482,0.8229734641948383,-0.9131225009087613,-0.8275077997336889,0.0,0.0,10.0,0.6,-0.9,1.3,0.7,1.6,2.3,0.1,0.3,0.6,0.2,0.5,0.4,0.7,0.6,0.1,0.46009389671361506,-1.1502347417840375,1552.1845226554663,-0.5390763997817405,2026-06-09
Afghanistan,1281.8478410731004,126,35,31,60,1.0793650793650793,1.0238095238095237,1.7698412698412698,-0.746031746031746,1.7777777777777777,2.7936507936507935,0.25396825396825395,0.40476190476190477,0.42063492063492064,0.5158730158730159,0.5952380952380952,0.07936507936507936,0.2777777777777778,0.24603174603174602,0.47619047619047616,1.0704862419901986,-0.8443271767810021,-1.7313663406896715,0.0,0.0,10.0,0.5,-1.1,1.3,0.4,1.5,1.9,0.1,0.2,0.7,0.2,0.6,0.3,0.8,0.5,0.1,0.4385964912280702,-0.9298245614035088,1282.1984793187162,-7.111415387730115,2026-06-10
Chad,1277.9113781615044,90,15,20,55,0.7222222222222222,0.7444444444444445,1.7666666666666666,-1.0222222222222221,1.4444444444444444,2.511111111111111,0.16666666666666666,0.4777777777777778,0.4444444444444444,0.5222222222222223,0.5888888888888889,0.08888888888888889,0.16666666666666666,0.2222222222222222,0.6111111111111112,0.7371967654986522,-1.0251572327044027,-2.4676513537610676,0.0,1.0,10.0,0.3,-1.3,1.3,0.8,2.1,2.9,0.0,0.3,0.7,0.1,0.4,0.6,0.4,0.7,0.1,0.24782608695652175,-1.508695652173913,1506.012407898086,-3.697985823899838,2025-11-17
Eritrea,1276.6672607052087,59,9,13,37,0.6779661016949152,0.711864406779661,1.7457627118644068,-1.0338983050847457,1.3728813559322033,2.457627118644068,0.1694915254237288,0.4915254237288136,0.4576271186440678,0.5254237288135594,0.6779661016949152,0.11864406779661017,0.15254237288135594,0.22033898305084745,0.6271186440677966,0.685670261941448,-1.0593220338983045,-3.7853006660134,0.0,0.0,10.0,0.1,-1.7,1.7,0.4,2.1,2.5,0.0,0.1,0.9,0.1,0.7,0.3,0.5,0.4,0.1,0.08260869565217392,-1.7086956521739132,1462.361728320371,-8.188036551726038,2019-09-10
Aruba,1264.05904946126,82,20,13,49,0.8902439024390244,1.3048780487804879,2.292682926829268,-0.9878048780487805,2.1341463414634148,3.597560975609756,0.15853658536585366,0.4268292682926829,0.4878048780487805,0.32926829268292684,0.4024390243902439,0.07317073170731707,0.24390243902439024,0.15853658536585366,0.5975609756097561,0.8402173913043475,-1.120652173913043,-2.8773286651065995,0.0,0.0,10.0,1.4,-0.4,2.4,1.5,1.9,3.4,0.4,0.2,0.4,0.2,0.4,0.5,0.3,0.4,0.1,1.1060606060606062,-0.9343434343434345,1296.7915491099172,-0.533432736326272,2026-06-06
Cook Islands,1253.667726532843,38,8,3,27,0.7105263157894737,0.7894736842105263,3.473684210526316,-2.6842105263157894,3.4210526315789473,4.2631578947368425,0.13157894736842105,0.5,0.39473684210526316,0.2894736842105263,0.34210526315789475,0.02631578947368421,0.21052631578947367,0.07894736842105263,0.7105263157894737,0.6670854271356784,-2.6809045226130657,-6.4824282491357135,0.0,0.0,10.0,0.6,-2.8,3.2,0.5,3.3,3.8,0.2,0.0,0.8,0.1,0.6,0.3,0.3,0.3,0.0,0.596774193548387,-2.36021505376344,1382.3306872368798,-5.771684080245867,2024-09-06
Bonaire,1250.5727731092902,44,14,6,24,1.0909090909090908,1.4318181818181819,2.477272727272727,-1.0454545454545454,2.1363636363636362,3.909090909090909,0.11363636363636363,0.25,0.6363636363636364,0.25,0.4772727272727273,0.0,0.3181818181818182,0.13636363636363635,0.5454545454545454,1.1845102505694765,-0.763097949886105,-5.668800611152498,0.0,0.0,10.0,0.6,-1.4,2.0,0.8,2.2,3.0,0.2,0.0,0.8,0.1,0.5,0.4,0.4,0.5,0.0,0.6428571428571429,-1.2142857142857144,1341.6617596030596,-5.5900836547716715,2026-06-06
Mauritius,1250.4293661724867,166,34,37,95,0.8373493975903614,0.8072289156626506,1.6626506024096386,-0.8554216867469879,1.5783132530120483,2.4698795180722892,0.23493975903614459,0.4578313253012048,0.3855421686746988,0.5662650602409639,0.5903614457831325,0.0783132530120482,0.20481927710843373,0.22289156626506024,0.572289156626506,0.7495580436063655,-1.0418385385975262,-1.5034375531777981,0.0,1.0,10.0,0.6,-0.9,1.1,0.6,1.5,2.1,0.1,0.3,0.6,0.2,0.7,0.3,0.7,0.6,0.2,0.6514522821576764,-0.8796680497925312,1491.6492189016565,1.7864111673483147,2025-10-13
Bangladesh,1242.3353884163753,181,47,48,86,1.0441988950276244,0.8784530386740331,1.6408839779005524,-0.7624309392265194,1.6464088397790055,2.5193370165745854,0.281767955801105,0.43646408839779005,0.3812154696132597,0.56353591160221,0.5580110497237569,0.09944751381215469,0.2596685082872928,0.26519337016574585,0.47513812154696133,0.9721093961548875,-0.9469266179258066,-1.4235613899647834,1.0,1.0,10.0,1.3,-0.1,0.9,1.2,1.3,2.5,0.3,0.4,0.3,0.4,0.3,0.5,0.5,0.8,0.2,1.204878048780488,-0.13170731707317074,1291.413609247713,2.3915007203413983,2026-06-05
Myanmar,1235.9797354957632,212,67,37,108,1.1226415094339623,1.1556603773584906,1.9764150943396226,-0.8207547169811321,2.1132075471698113,3.1320754716981134,0.24528301886792453,0.4386792452830189,0.4056603773584906,0.41509433962264153,0.4811320754716981,0.08962264150943396,0.3160377358490566,0.17452830188679244,0.5094339622641509,1.117494089834516,-0.9312056737588669,-1.2453786061520702,0.0,0.0,10.0,1.4,-0.8,2.4,1.6,2.4,4.0,0.4,0.2,0.4,0.1,0.2,0.7,0.3,0.5,0.0,1.4141414141414141,-1.0454545454545454,1339.15469490135,3.2370829757897908,2026-06-09
Dominica,1231.0126214237678,112,27,20,65,0.9017857142857143,1.1071428571428572,2.1160714285714284,-1.0089285714285714,2.169642857142857,3.2232142857142856,0.23214285714285715,0.4642857142857143,0.4017857142857143,0.39285714285714285,0.5,0.09821428571428571,0.24107142857142858,0.17857142857142858,0.5803571428571429,0.8557570645297341,-1.149304091100801,-2.4016730230020706,0.0,1.0,10.0,0.7,-1.1,1.7,0.7,1.8,2.5,0.1,0.4,0.5,0.5,0.6,0.3,0.5,0.6,0.4,0.777227722772277,-1.2475247524752475,1325.998695842772,-2.5195474655237504,2026-03-30
Barbados,1220.724966739891,168,53,33,82,1.1428571428571428,1.4047619047619047,1.8333333333333333,-0.42857142857142855,1.8095238095238095,3.238095238095238,0.20833333333333334,0.3273809523809524,0.5119047619047619,0.38095238095238093,0.5595238095238095,0.047619047619047616,0.31547619047619047,0.19642857142857142,0.4880952380952381,1.125820256776032,-0.4776034236804557,-1.662351388453037,0.0,0.0,10.0,0.6,-1.1,1.3,1.2,2.3,3.5,0.1,0.3,0.6,0.2,0.3,0.7,0.3,0.6,0.2,0.5198019801980197,-1.183168316831683,1314.6627416509393,-5.030508757529789,2026-03-29
Antigua and Barbuda,1218.3751059876754,152,50,26,76,1.1578947368421053,1.368421052631579,1.8486842105263157,-0.48026315789473684,1.8223684210526316,3.2171052631578947,0.2236842105263158,0.3355263157894737,0.4868421052631579,0.40789473684210525,0.5855263157894737,0.046052631578947366,0.32894736842105265,0.17105263157894737,0.5,1.1394649834685882,-0.5275022542831371,-1.852795355344242,0.0,0.0,10.0,0.2,-1.9,1.9,0.3,2.2,2.5,0.0,0.2,0.8,0.2,0.7,0.3,0.5,0.6,0.2,0.17073170731707316,-1.9227642276422763,1399.6727236008578,-7.5780011733590324,2025-11-18
Tonga,1218.3277630538064,47,10,3,34,0.7021276595744681,1.2340425531914894,3.8297872340425534,-2.595744680851064,3.9148936170212765,5.0638297872340425,0.0851063829787234,0.46808510638297873,0.44680851063829785,0.14893617021276595,0.3404255319148936,0.0,0.2127659574468085,0.06382978723404255,0.723404255319149,0.801075268817204,-2.554838709677418,-5.993026318004111,0.0,0.0,10.0,0.6,-3.3,4.5,1.2,4.5,5.7,0.2,0.0,0.8,0.0,0.5,0.5,0.1,0.3,0.0,0.6847826086956522,-2.4836956521739135,1353.7710267703644,-3.828571548714547,2024-09-09
São Tomé and Príncipe,1213.9997688465403,56,8,7,41,0.5535714285714286,0.7142857142857143,2.5892857142857144,-1.875,2.232142857142857,3.3035714285714284,0.10714285714285714,0.5178571428571429,0.4107142857142857,0.4107142857142857,0.42857142857142855,0.03571428571428571,0.14285714285714285,0.125,0.7321428571428571,0.5615989515072081,-1.877457404980339,-5.107146984883213,1.0,1.0,10.0,0.5,-1.5,1.7,0.6,2.1,2.7,0.1,0.2,0.7,0.2,0.5,0.4,0.5,0.6,0.1,0.4930069930069931,-1.520979020979021,1461.4803314230155,-0.6472696756710572,2025-10-13
Cambodia,1210.1350602693597,176,41,21,114,0.8181818181818182,1.1306818181818181,2.539772727272727,-1.4090909090909092,2.3181818181818183,3.6704545454545454,0.14204545454545456,0.4034090909090909,0.48295454545454547,0.32386363636363635,0.4943181818181818,0.028409090909090908,0.23295454545454544,0.11931818181818182,0.6477272727272727,0.8113772455089827,-1.527762656505173,-1.6469598848331848,2.0,3.0,10.0,1.1,0.2,1.2,1.7,1.5,3.2,0.3,0.2,0.5,0.2,0.0,0.8,0.2,0.8,0.0,1.0853658536585362,0.13414634146341461,1355.8053465184635,1.8809328911588559,2026-06-09
Nepal,1199.4722587263427,170,45,35,90,1.0,0.888235294117647,1.911764705882353,-1.0235294117647058,2.070588235294118,2.8,0.27058823529411763,0.5176470588235295,0.3058823529411765,0.5411764705882353,0.48823529411764705,0.09411764705882353,0.2647058823529412,0.20588235294117646,0.5294117647058824,0.9286539572501442,-1.2466782206816878,-1.7678102427862197,0.0,0.0,10.0,0.9,-0.4,1.0,0.7,1.1,1.8,0.2,0.3,0.5,0.4,0.5,0.3,0.7,0.7,0.2,0.6146341463414634,-0.7170731707317073,1364.2316468214246,-1.5621122241959404,2025-11-18
Taiwan,1186.4938643819723,133,34,14,85,0.8721804511278195,1.1879699248120301,2.5488721804511276,-1.3609022556390977,2.5789473684210527,3.736842105263158,0.15789473684210525,0.39849624060150374,0.45864661654135336,0.3383458646616541,0.38345864661654133,0.015037593984962405,0.2556390977443609,0.10526315789473684,0.6390977443609023,0.7601935038009671,-1.6046993780234966,-2.3571889896092317,0.0,0.0,10.0,0.6,-1.5,2.5,1.4,2.9,4.3,0.2,0.0,0.8,0.1,0.2,0.7,0.1,0.4,0.0,0.49775784753363217,-1.5201793721973094,1366.7725129904131,-4.021931576639084,2025-11-18
Pakistan,1178.3539561305258,121,25,21,75,0.7933884297520661,0.8099173553719008,2.0082644628099175,-1.1983471074380165,2.12396694214876,2.8181818181818183,0.256198347107438,0.5371900826446281,0.2975206611570248,0.45454545454545453,0.4793388429752066,0.09090909090909091,0.2066115702479339,0.17355371900826447,0.6198347107438017,0.6956345998383174,-1.4749393694421968,-2.658231767516318,3.0,3.0,10.0,1.1,-0.7,2.1,0.8,1.5,2.3,0.3,0.2,0.5,0.4,0.6,0.1,0.6,0.3,0.1,0.5467289719626169,-1.593457943925234,1389.6771450473211,0.20944901363624108,2026-06-10
Maldives,1165.4440421644656,184,55,29,100,1.0543478260869565,1.3206521739130435,1.8695652173913044,-0.5489130434782609,2.1793478260869565,3.1902173913043477,0.23369565217391305,0.3967391304347826,0.41847826086956524,0.41304347826086957,0.43478260869565216,0.04891304347826087,0.29891304347826086,0.15760869565217392,0.5434782608695652,1.0235924932975877,-0.6522788203753354,-1.8182389012800761,0.0,0.0,10.0,0.4,-1.4,2.0,0.6,2.0,2.6,0.1,0.1,0.8,0.1,0.6,0.3,0.5,0.3,0.0,0.25000000000000006,-1.7021276595744683,1275.054987152656,-6.722498837900368,2026-06-01
Cayman Islands,1163.8036882731847,79,15,17,47,0.7848101265822784,0.7848101265822784,2.2911392405063293,-1.5063291139240507,2.1392405063291138,3.0759493670886076,0.20253164556962025,0.43037974683544306,0.4177215189873418,0.43037974683544306,0.4936708860759494,0.05063291139240506,0.189873417721519,0.21518987341772153,0.5949367088607594,0.779498131340096,-1.5456486919380679,-4.255649515529302,0.0,0.0,10.0,0.7,-1.5,2.5,0.9,2.4,3.3,0.2,0.1,0.7,0.2,0.4,0.4,0.4,0.5,0.0,0.5544554455445546,-1.8613861386138622,1261.614249629191,-5.607183406454002,2026-06-06
Sri Lanka,1155.7192568907255,165,37,36,92,0.8909090909090909,0.9878787878787879,1.9878787878787878,-1.0,1.8606060606060606,2.9757575757575756,0.2,0.46060606060606063,0.3939393939393939,0.44242424242424244,0.5393939393939394,0.05454545454545454,0.22424242424242424,0.21818181818181817,0.5575757575757576,0.8515482695810564,-1.0552519732847603,-2.0865499582380265,0.0,0.0,10.0,1.3,-0.6,1.6,0.9,1.5,2.4,0.4,0.1,0.5,0.2,0.4,0.4,0.5,0.6,0.0,1.2871287128712872,-0.5643564356435644,1310.848019243965,4.292186488393407,2025-11-18
Gibraltar,1155.557052681568,141,33,20,88,0.8439716312056738,1.0780141843971631,2.5886524822695036,-1.5106382978723405,2.971631205673759,3.6666666666666665,0.24113475177304963,0.5319148936170213,0.2978723404255319,0.3546099290780142,0.3475177304964539,0.07092198581560284,0.23404255319148937,0.14184397163120568,0.624113475177305,0.5926555593335598,-2.319959197551853,-2.442857782400226,3.0,3.0,10.0,0.9,-0.5,2.5,1.4,1.9,3.3,0.3,0.0,0.7,0.1,0.5,0.4,0.3,0.4,0.0,0.586046511627907,-1.162790697674419,1421.5754104465025,0.9581978930314303,2026-06-06
American Samoa,1144.880635969513,41,3,2,36,0.2682926829268293,0.4878048780487805,6.804878048780488,-6.317073170731708,6.512195121951219,7.2926829268292686,0.024390243902439025,0.6829268292682927,0.2926829268292683,0.14634146341463414,0.17073170731707318,0.0,0.07317073170731707,0.04878048780487805,0.8780487804878049,0.3663845223700122,-6.158403869407497,-8.661447903182617,0.0,0.0,10.0,0.1,-6.0,6.0,0.6,6.6,7.2,0.0,0.1,0.9,0.0,0.6,0.4,0.2,0.1,0.0,0.08783783783783784,-5.5472972972972965,1308.8380613066183,-9.740020756916056,2026-03-28
Northern Mariana Islands,1144.8057955391896,27,3,3,21,0.4444444444444444,0.8518518518518519,4.444444444444445,-3.5925925925925926,4.037037037037037,5.296296296296297,0.037037037037037035,0.4444444444444444,0.5185185185185185,0.07407407407407407,0.2962962962962963,0.0,0.1111111111111111,0.1111111111111111,0.7777777777777778,0.33763440860215066,-3.916129032258066,-13.155340905955917,1.0,2.0,10.0,0.8,-3.4,4.4,1.0,4.4,5.4,0.2,0.2,0.6,0.1,0.5,0.4,0.1,0.3,0.0,0.6056338028169015,-4.042253521126759,1269.3635294344645,-4.409539386730777,2024-04-07
Mongolia,1141.4376230716016,90,23,9,58,0.8666666666666667,1.1333333333333333,2.4555555555555557,-1.3222222222222222,2.7666666666666666,3.588888888888889,0.18888888888888888,0.5111111111111111,0.3333333333333333,0.4111111111111111,0.37777777777777777,0.03333333333333333,0.25555555555555554,0.1,0.6444444444444445,0.8693039559338999,-1.399599399098647,-3.984026410315537,0.0,0.0,10.0,0.6,-1.9,2.5,0.5,2.4,2.9,0.2,0.0,0.8,0.1,0.7,0.2,0.4,0.2,0.0,0.6684782608695653,-1.8586956521739129,1269.605679501739,-6.421848664019199,2026-06-05
Somalia,1141.429866992232,79,6,6,67,0.3037974683544304,0.34177215189873417,2.5949367088607596,-2.2531645569620253,2.4050632911392404,2.9367088607594938,0.10126582278481013,0.7341772151898734,0.22784810126582278,0.4050632911392405,0.34177215189873417,0.06329113924050633,0.0759493670886076,0.0759493670886076,0.8481012658227848,0.28101557991921494,-2.24812463935372,-4.538862443136305,0.0,2.0,10.0,0.5,-1.3,1.5,0.4,1.7,2.1,0.1,0.2,0.7,0.2,0.7,0.3,0.5,0.5,0.2,0.34701492537313444,-1.4626865671641796,1541.8245182255991,1.8131504446994335,2025-11-26
Turks and Caicos Islands,1132.9315256561197,50,12,5,33,0.82,1.0,3.64,-2.64,3.32,4.64,0.1,0.5,0.42,0.24,0.32,0.02,0.24,0.1,0.66,0.7711934156378603,-2.8024691358024696,-7.3413694868776,1.0,2.0,10.0,1.0,-0.9,1.3,0.9,1.8,2.7,0.2,0.4,0.4,0.1,0.5,0.5,0.5,0.6,0.1,0.8333333333333333,-1.1096491228070176,1177.3961899194212,-5.094753874525505,2025-08-16
Andorra,1131.4651792706672,210,14,30,166,0.34285714285714286,0.3238095238095238,2.3142857142857145,-1.9904761904761905,2.2,2.638095238095238,0.15714285714285714,0.7333333333333333,0.20476190476190476,0.49523809523809526,0.4,0.09523809523809523,0.06666666666666667,0.14285714285714285,0.7904761904761904,0.2973926681042938,-2.12428935502843,-1.7549277177587281,0.0,0.0,10.0,0.6,-1.1,1.5,0.5,1.6,2.1,0.1,0.3,0.6,0.3,0.7,0.2,0.6,0.5,0.2,0.5351351351351351,-1.0756756756756753,1438.8025362157919,0.7444774775557542,2026-06-07
Guam,1128.2796832192898,96,19,11,66,0.7083333333333334,1.0416666666666667,4.072916666666667,-3.03125,4.239583333333333,5.114583333333333,0.16666666666666666,0.53125,0.3333333333333333,0.2916666666666667,0.3333333333333333,0.03125,0.19791666666666666,0.11458333333333333,0.6875,0.6402623612512608,-3.3440968718466166,-3.8720866331323944,0.0,0.0,10.0,0.7,-1.4,2.8,1.4,2.8,4.2,0.2,0.1,0.7,0.1,0.3,0.6,0.1,0.5,0.0,0.7023809523809523,-1.3392857142857142,1268.6204623591716,-1.1636918063801704,2026-06-06
Laos,1113.9173897777257,158,31,26,101,0.7531645569620253,1.0569620253164558,3.0253164556962027,-1.9683544303797469,2.5632911392405062,4.082278481012659,0.06329113924050633,0.4050632911392405,0.5632911392405063,0.24050632911392406,0.4177215189873418,0.03164556962025317,0.1962025316455696,0.16455696202531644,0.6392405063291139,0.7537582681900185,-2.115453998797355,-2.443560824191603,0.0,0.0,10.0,0.5,-1.8,2.0,1.1,2.9,4.0,0.1,0.2,0.7,0.0,0.3,0.7,0.2,0.5,0.0,0.5283842794759827,-1.9432314410480351,1396.588923902615,0.3439684691621617,2025-11-19
Djibouti,1112.810927765096,88,6,9,73,0.3068181818181818,0.6022727272727273,3.522727272727273,-2.9204545454545454,3.125,4.125,0.06818181818181818,0.5681818181818182,0.3977272727272727,0.29545454545454547,0.2840909090909091,0.03409090909090909,0.06818181818181818,0.10227272727272728,0.8295454545454546,0.2749157438613383,-2.9870004814636477,-4.39987582085118,0.0,0.0,10.0,0.2,-2.2,2.2,0.5,2.7,3.2,0.0,0.2,0.8,0.1,0.5,0.5,0.4,0.5,0.1,0.19928825622775803,-2.245551601423488,1495.6025087459452,-1.375308001380819,2025-11-26
British Virgin Islands,1103.6992709666022,95,16,19,60,0.7052631578947368,0.9368421052631579,2.957894736842105,-2.0210526315789474,2.778947368421053,3.8947368421052633,0.14736842105263157,0.49473684210526314,0.4105263157894737,0.3368421052631579,0.4631578947368421,0.05263157894736842,0.16842105263157894,0.2,0.631578947368421,0.5798442064264846,-2.315968841285296,-4.171586621404183,1.0,1.0,10.0,1.4,0.2,2.4,1.7,1.5,3.2,0.4,0.2,0.4,0.3,0.3,0.4,0.4,0.4,0.0,1.213483146067416,-0.056179775280898736,1257.7190529835184,4.021089165576548,2026-06-06
Bahamas,1093.5051122113755,60,13,9,38,0.8,1.1833333333333333,3.066666666666667,-1.8833333333333333,3.0166666666666666,4.25,0.1,0.45,0.4666666666666667,0.21666666666666667,0.35,0.016666666666666666,0.21666666666666667,0.15,0.6333333333333333,0.7997329773030711,-1.9566088117490006,-6.774914796477068,0.0,0.0,10.0,0.4,-2.7,3.1,1.2,3.9,5.1,0.1,0.1,0.8,0.0,0.4,0.6,0.1,0.4,0.0,0.4601769911504424,-2.8495575221238933,1195.9634727846508,-10.414912925974287,2026-03-29
Brunei,1088.0116605057874,80,18,7,55,0.7625,0.9,2.85,-1.95,2.65,3.75,0.125,0.4875,0.4125,0.35,0.475,0.025,0.225,0.0875,0.6875,0.7481813094571909,-2.015109121432568,-5.149854243677666,0.0,0.0,10.0,0.7,-2.0,2.4,0.4,2.4,2.8,0.2,0.1,0.7,0.2,0.7,0.2,0.5,0.6,0.1,0.7815126050420168,-2.1470588235294117,1259.345922192294,-3.723749989573405,2025-11-18
Seychelles,1077.3759893095637,135,19,24,92,0.6,0.6666666666666666,2.311111111111111,-1.6444444444444444,2.1777777777777776,2.977777777777778,0.14814814814814814,0.5703703703703704,0.362962962962963,0.4222222222222222,0.48148148148148145,0.08148148148148149,0.14074074074074075,0.17777777777777778,0.6814814814814815,0.490611961057024,-1.9367176634214185,-3.130548227336572,0.0,0.0,10.0,0.0,-5.1,5.1,0.2,5.3,5.5,0.0,0.0,1.0,0.0,0.8,0.2,0.0,0.0,0.0,0.0,-5.1000000000000005,1530.2566815521084,-4.310532245311153,2025-10-14
United States Virgin Islands,1074.393544709486,75,9,10,56,0.49333333333333335,0.68,3.9066666666666667,-3.2266666666666666,3.68,4.586666666666667,0.10666666666666667,0.56,0.38666666666666666,0.29333333333333333,0.3466666666666667,0.05333333333333334,0.12,0.13333333333333333,0.7466666666666667,0.4668930390492361,-3.3791737408036226,-5.674752737206863,0.0,0.0,10.0,1.0,-0.5,1.9,1.5,2.0,3.5,0.2,0.4,0.4,0.2,0.4,0.5,0.4,0.4,0.1,0.7549019607843138,-1.0686274509803924,1227.8642113941034,-0.7487022210778055,2026-03-28
Anguilla,1034.8248081328406,73,7,8,58,0.3972602739726027,0.6301369863013698,3.5753424657534247,-2.9452054794520546,3.2465753424657535,4.205479452054795,0.0684931506849315,0.589041095890411,0.3972602739726027,0.2602739726027397,0.3424657534246575,0.0547945205479452,0.0958904109589041,0.1095890410958904,0.7945205479452054,0.34873949579831925,-3.1338535414165665,-6.37226290228985,0.0,0.0,10.0,0.6,-2.0,2.6,0.8,2.8,3.6,0.2,0.0,0.8,0.0,0.6,0.4,0.2,0.3,0.0,0.4752475247524752,-2.222772277227722,1254.326106656389,-3.0952829447569217,2026-03-29
Timor-Leste,1032.7627980615607,86,9,5,72,0.37209302325581395,0.8255813953488372,3.302325581395349,-2.4767441860465116,2.872093023255814,4.127906976744186,0.08139534883720931,0.47674418604651164,0.47674418604651164,0.19767441860465115,0.37209302325581395,0.03488372093023256,0.10465116279069768,0.05813953488372093,0.8372093023255814,0.3659401926001012,-2.5610745058286866,-5.43299072021442,0.0,0.0,10.0,0.3,-2.9,3.1,0.6,3.5,4.1,0.1,0.0,0.9,0.1,0.5,0.4,0.2,0.4,0.0,0.3537117903930132,-2.733624454148472,1397.3674095948186,-0.692166976705815,2025-11-18
Macau,1029.3572751384463,100,14,13,73,0.55,0.81,2.72,-1.91,2.49,3.53,0.11,0.51,0.43,0.36,0.39,0.05,0.14,0.13,0.73,0.5356622998544394,-1.968461911693351,-4.706427248615541,0.0,0.0,10.0,0.1,-2.5,2.5,0.3,2.8,3.1,0.0,0.1,0.9,0.1,0.7,0.3,0.4,0.4,0.1,0.14146341463414636,-2.2975609756097564,1212.1178829278726,-8.361828549351076,2026-03-29
Bhutan,1025.2755059071158,97,10,7,80,0.38144329896907214,0.5463917525773195,3.731958762886598,-3.185567010309278,3.597938144329897,4.278350515463917,0.1134020618556701,0.6597938144329897,0.26804123711340205,0.32989690721649484,0.2268041237113402,0.041237113402061855,0.10309278350515463,0.07216494845360824,0.8247422680412371,0.40219990435198455,-3.3883309421329484,-4.894066949411184,0.0,0.0,10.0,0.4,-2.1,2.3,0.3,2.4,2.7,0.1,0.1,0.8,0.2,0.7,0.2,0.6,0.4,0.1,0.33658536585365856,-2.2585365853658543,1264.8042237784543,-3.087528991778684,2026-06-04
Liechtenstein,1020.6456236435265,216,16,28,172,0.35185185185185186,0.4212962962962963,2.564814814814815,-2.1435185185185186,2.384259259259259,2.986111111111111,0.10648148148148148,0.6759259259259259,0.25925925925925924,0.48148148148148145,0.35648148148148145,0.041666666666666664,0.07407407407407407,0.12962962962962962,0.7962962962962963,0.3260359655981239,-2.201133698201724,-2.2192332238725565,0.0,0.0,10.0,0.3,-3.0,3.2,0.3,3.3,3.6,0.1,0.0,0.9,0.1,0.7,0.2,0.4,0.3,0.0,0.19534883720930232,-3.558139534883721,1495.7056417295898,-0.7284497247542159,2026-06-07
San Marino,952.8679595252045,180,3,10,167,0.10555555555555556,0.2111111111111111,3.8055555555555554,-3.5944444444444446,3.638888888888889,4.016666666666667,0.044444444444444446,0.8111111111111111,0.17777777777777778,0.29444444444444445,0.2388888888888889,0.03333333333333333,0.016666666666666666,0.05555555555555555,0.9277777777777778,0.0898778359511345,-3.7816317626527116,-3.0396224470821998,0.0,0.0,10.0,0.1,-3.2,3.2,0.5,3.7,4.2,0.0,0.1,0.9,0.1,0.5,0.5,0.2,0.5,0.1,0.07,-4.190000000000001,1440.10237998729,-1.207322040229874,2026-06-09
